000f0c5660d59cb9f4b78c9948d3ba0d488d3243.png,
002b3492b31125ab5cbfabe457c120f7e389705a.png,
00423747b3463a7368a0a39a3df69a23ba09906f.png,
004d4661198c3fc188f83c4f0b42cc276e1404af.png,
0068bb66256c25e5d57aa2773707a8554aa494a7.png,
007ca5a0ef30cf8164db24fa040fbe04e4eb9c48.png,
008aab8ff54eb24535e1d9e4d8e5b81acd7c003c.png,
00aeb80a9e1cb171daf92b05c13af6b2aa917e8c.png,
00afb6781b8ba3dfc0030f4691fe848c736ff369.png,
00c174a7b2e4b996d7370c6d659b2d74c8e6a8ef.png,
00d1e4acb51e90cad9fac2037a75dee771a032d7.png,
00f9d4ea64e0a1285e78dee4d126f4d8c64c58b7.png,
01015d61269f93bd8d09fa62aae3e40690f7f7c8.png,
010fee0ca22932930b78c8be4aadc74887fde976.png,
012744ebb725a018bb0721def90db016ba259538.png,
01684e43f8657743299ae69770731059364905d6.png,
01aa92d935fa99f37fd876736d74d346536e7c42.png,
01d888b4ed671752e1b1833bbddefde590240f48.png,
01fb580d0142cd588970260cb1c49f9fe614e5f6.png,
020bf983c01376947e963ca508d9d04b6405e3c6.png,
021631045da46ba6990df785e562521631efb538.png,
023d371c4820b03c42ad16892c77d3c29f0571dc.png,
028290d432235cbe21bcfadb8a21c005358df6f7.png,
02e786f242a0b9b2e4b18cb16711061d7baf6404.png,
02f2ef7af049051ce68d8cb56fc35578a32e76a3.png,
03128ae40ebe83f0df4b4e47056b979ff9890995.png,
031f602ff389e33adb8eca4f562113c731661294.png,
03928453c4ebb3a171014e89ad062d4b1b87679a.png,
03be4bb2e71f9be29a8cb09b3b6ea78974cc0495.png,
03e11237f157105e0b8f075b1af10540f1a15f2b.png,
040c6feee31e2036f2c11b5d89bd861a68585d75.png,
040ef2b04ddec43a5ed2d38b31ef146fe5b68b7c.png,
0425f48938185a0441d870e843c5a159464cc4ae.png,
042fec03021b2b04f57e2bec9296b150b8c60fde.png,
043d68cd578eb009a7bba3d29919d71112312432.png,
04c8b1a9a8c2536542e5cce7cc50dab3c2117615.png,
04d0201d1542a9e63cc34ec72cda87d807601e5d.png,
04d5b091f2d1c460ca1fc1bbc01eee989d415391.png,
04ea2cd23206426920c764919bbb52bcb44a494a.png,
0505fb5282a4a3e5b2775ef2df857510b8799c03.png,
05063b8af87f8d2b9bd3f1fb73f9845b21dacba9.png,
050b4adb131ffd3adbdfe5a8d84f96cb87810c65.png,
050e92b9ca5356a6b51f8e39cfd53f3e67d3c8b6.png,
05571cf97406d3731b061e62869f00404753ce08.png,
05578b386245c0eb4a5a8042112f8f3000f9295a.png,
0567bb9cc3152918e4a6ce3c4e10fb08d313e354.png,
057bded122a553f6cd89c182450bddd2dda84444.png,
0595afc53d6821e9fd1331627058e78adb7cc532.png,
05a2c2e6425d571bd633487aae0ed3fc1757ad04.png,
05b2646b2419b72b8d9256859516b27da07944bc.png,
05c4a7b29691d7f052c59b7377b6db4d433752ea.png,
05c919bf48c3fed78c757606cca26ae1c24858c1.png,
0601d4753a213d2be00893d62ed271731a3c6bb5.png,
06386c0c6d8bd7457f023f07154579c4b26696a8.png,
06555bfb14acc0d5f5bfab49f62cc9e026a146ad.png,
065bcc1c31d9112115a84e1e71c5c815c4df6f96.png,
0669be340068b04474503649917844c9b828162d.png,
06743a605b1ae34d768f5195d95a6c837d31e57f.png,
067c79ea45df17b0502b713d4ca2049f3150c6d2.png,
0690c182760482e3692beb512dd07062009be95f.png,
069277d656451746d57c93421f1110b55697a529.png,
06a5cb9bf53d4a4ddec17e856ab4451047498c54.png,
06ac7cba5f1c669633b602cf15ee3a96a1547b32.png,
06e52bcfb7aa339f19e5dceb6b3ec1ce71fa8b4a.png,
06e5488426c33218eef8fd5c2af205010b324fee.png,
06fbbf53ffb954db729ce27ee94e8e869241c351.png,
0715d995a9ff4145aeda869b922a31a42ecbd92e.png,
072af5849a6b98244a6e5d6abb05ace5ab1e4c90.png,
0761c16e29cd2469006068b10d7ea26c397c9f90.png,
076a2006fbd4dcadc029673d7d6eebe8c9c5355c.png,
07820214e072a21c1b3d76b9446378ef6c3c942b.png,
07a36efdc8a44822f1f347f41006c32049759970.png,
07d4d1375d9756aaff5f12b43685bab0789f609a.png,
07dcf0e2c4689dc1152514ef5a38d6af7f34023a.png,
07e8ec5cfd2c12bfb942a461b9ff22515c4cb1d2.png,
07fc69bcf43ac0ab8f8d651ae52fddce9405fbbc.png,
08023c615be008df819a3ffa89dd3ca39e88b610.png,
0805dcb8b8e33580723da50c9c13b4c01b3db9e9.png,
08309bf4b059382584ff4e9eb89e827b35b220cc.png,
0832b9f8032f3197419450035d4b189d6669488b.png,
086bc751251dd0a7df88fa315e8f75ce9a73f56c.png,
0894ca2be03b8894ab7a167a4d0c39cf25e8c96a.png,
08a15495e9a06efe76ff7a958c1150e84a66241d.png,
08a58c20012c0956202e1a48f10f05d132dbecb4.png,
08bcf8a1742799fe1b514b5c43604e3f45b20013.png,
08cbffd6fd0f87e2070da3528a264f7001b216cb.png,
08f590acd1d26119938ae82e65ce65fd4cf96024.png,
090873bac029850dabfcafeafeaf9248061a4eb1.png,
090fb1fea039507caecd410248619f9c8262395e.png,
091b788e59a85ee7e7601f81bd6249e119af089d.png,
091ef9a90578fbeb7594b9e1c79c9c1ee1a0ee68.png,
0920d9bd4eed514177b0ca39a9adcb7f2c7f5166.png,
09230dae7fc8c5af762a48c6ada71a8e327f8ead.png,
09405f3dc6bbfcb9a79127f9599f9415e431641e.png,
094c54d35f4a3e1f14092c38e57d4c6365594562.png,
09921557c775b3743e34392f69946d9d6c1686c0.png,
09be903b8018b3c156e74764e57b8c5d53914e0e.png,
09de3f2b9e7d75c87c605311f86e133991f3ab36.png,
0a2389599f41431c1f569e908503690588dd5051.png,
0a24629e732ef82309f844e20e2346e650058b4e.png,
0a91828ce8083287f384e141f39393a64bc35622.png,
0ac1bb334d208841b3c2e8db4769b7672bf21d5a.png,
0acb60d69ca295712eb6e411ed770e7fffd72019.png,
0acf7215ac03a13e01775680dc3a20879a2273e6.png,
0adecfdda9dd042a0ec407964e9bf85a7e94cb70.png,
0b4fc953e92c8bc1f5ab0c709a2b869d976f37f0.png,
0bd1cccb10206f52531c6dd35220129f477a1283.png,
0bd8953d01e091ff6f616e84a82cb6adafda9b63.png,
0bdd84e2f1630810e39958dce14615ba6d7af597.png,
0be14fc0117c470db86d07d6aced675f4ce16ca0.png,
0bf975c8f1994c08ee79e16355106036bf8a17a8.png,
0c4cc1d26212633ad39ecc5f40e33d3277483db0.png,
0c80c635a08c996eb0360520efd0fe7edddbf31a.png,
0cb39ca359d0b89710b19843a11a587662ecb560.png,
0d38748cef9073736c6bf6e383f0eb22c8a4264f.png,
0d5a3563ea8dc6561b252c764a15de8f158d5677.png,
0d7bb23403b0cade0bc60d64ed8dfb46907e8204.png,
0d9136bddbac1acbb5f501de8d906a4ec1cc98af.png,
0dc5d6465f931ef63e4cf3162b07855b13c4a09d.png,
0dd533dffddc2ba5dd2d8b274fd0abe4664cf9de.png,
0e0521c85d29f456f236e662f855ac0b121fdf41.png,
0e14102969364ba79f3e3bc933782f88cdb8f523.png,
0e15b1dcb4fb979cef8f4398832b19111272dd94.png,
0e1cf82987d867a8177111ee24010f06310a3264.png,
0e1d6f20f13621e36d235695112b47de980d66ea.png,
0e226e86c18b2d16a0e7b577d3df6800a492d6cd.png,
0e24f0b77e7a7b4b677cc8aaab99a844f5e1a0e8.png,
0e276d389e9646efdbe3cf726bc894204690cbd7.png,
0e6e2bb9617b65c4d2f99e708b30fe9a0df47af8.png,
0ee3124673952d1f0bd2f88e4870f20eadbb48a8.png,
0f01c21fe54ed29f6b30be19bd26314a738017c5.png,
0f3954de325dbe060c2d42617b7751b31302f1dc.png,
0f729e08ee893a53a616787a363764635328a87b.png,
0f990289231d03436e29bf6d63c1f4574ed63c32.png,
0fd2de19429b04ca99e200cf3d3245a20dfe5514.png,
0fd665114b3fabcb9149bd5ec2b6d034e58144ce.png,
1034b2f65802b2b88ba07c9328772067085bfa64.png,
103856d333c538c28096a55227706b104e152695.png,
105f540fb76b4b47211b9686b86bf7ab778d81f6.png,
106741a3d48e7dfeec46cdffff6458ff3e822121.png,
10b6ffdcc8f18b5b5c2f0f8041e718438e64ed50.png,
10bdceab665007c406639b35fb4606d8d3612100.png,
10c2142ab0c1fd59195f7323ea14febc81c61c34.png,
10d3e389bcb79b90c7a147b2d9978108b8c8c70b.png,
10ecbece88672f7d4c86a06656494005f65389a8.png,
10f0279855b2a33d520aebff4c449fa5b44677fa.png,
110d846620ae7ddcea6613b13601dfe89c6effc9.png,
11128a102abc5e98930f863ac759993d220cb4a6.png,
115b1a3fe3dfd1772d0326e12e403f34f39ebad4.png,
1174186351e88e90f3da7bb3aa46217828d68e2c.png,
117b0f8e89205df2048e0300ddfc61f7c9ac6de3.png,
118778a5e8757bfd9f701c8af3196ddf0b9ae617.png,
1195461d869af14932e935a11b8d7383935826bf.png,
11b48400a943d441b56c3de6205362cbecc1cfb7.png,
11c614fa12a52c9716f20005a4d99fcb174e168d.png,
11f4bc9483a89f5c95e1be3567456d2852739e8c.png,
12078391c48a728d04aafdd47cd982fb89ca520b.png,
122b0a42ed34882f82d0d412f4d53a97a0ad5aeb.png,
1231253ce7e6b7c5089edc410c260580da9b91c9.png,
124f3a2340f2b9b5298885650cbb220c7fdc53c3.png,
129a169ab90ad13565e3244d5a81bfc716eba14c.png,
12f85591f614b3d6a043dff39e99945e71fb9b44.png,
130da7bdb9ebe408204869a3d5ad12aeb3a317fe.png,
1310e5107068cc110496f1be9208d9e6cf6bbe29.png,
132cf85d2888f4580327ed361afbdd7837939f07.png,
136aa4b1d0ab82c7389bc108e428fa66cf046e8f.png,
1373a72d2ebe5564b0a19968f3e3176c676514f2.png,
13ae5e1ac02112f017456ab4f8a09e7988ce14e6.png,
13ce4a987008caa4487f8f5d75a41d3db15654d6.png,
13f3d9823de9ac918921ee065cd5fa21d9ad4d03.png,
1404262cb0e0d2dd6d33712b406f5310ae0e94ec.png,
141f188e5a7f9273a2a9148919672f375b95f60f.png,
14306ec88e8fec47ce6bdda9f88115460c6109ba.png,
143bde9ff8d66f34c875f70b07012206baf4a73e.png,
14550ed1bea1e121d258f41a847817ebdc651782.png,
14828f48bcad187b3fc1a9b48af6643eff9632ee.png,
149a20123bf366b7350697d06aa27326efdbaecd.png,
14fddad3e93ae7edc9b5b7da35aaaaa4dcc55f2a.png,
150e1c10674afd74e36343df23cb50723c314b72.png,
151040fa4546787a88ee6b2f145c8728a742de59.png,
151d1ec1889def5e856691047739626e273cd3f6.png,
153d496a82b53f15f7db9df6e6874f0208063a5d.png,
158252b5eb3faedab2e2f9716805d676fdc7732e.png,
15837efcf4185b2970b47f0f4898c798c66a1c61.png,
15ee6a9edd891428a1dff054ba903930be9f52dc.png,
163a2125fb3a8aea09421983d08e737c9b54dfee.png,
164b57c76b1c5059b6a2604f1f3ff7aa160eb274.png,
164ffd155c28a8bfcac5d45b5c6f360f8c636b5f.png,
1661b9ffa107e5bc6d0a8b44b714ccdab4cb4c4c.png,
1681e25a41a548e9aafee1d0a911f32365b7d135.png,
169c47cf8c13899ebdd17a8dcd3c7e0957b15b8b.png,
16b9aee187e11b834f22518cbfdbded97b070755.png,
16c1bbcf62cbd4757a5d8b4f8c1053dfd60be612.png,
16d935aaacf681929443f7639f6bae2c8ca86ff8.png,
16f2c1118624c833fff5846021abeddc82792d34.png,
1710568df199ae619a3bb8d76b50f6ffc93212be.png,
1711ea62c83b1b5cbec63c05d6aa179b41ae6567.png,
176030cfa38b0db6d2ab2f4642b580addb539603.png,
1767d89f6f53228e5eac6fe0f7ddd239dfe5cd08.png,
178ad2f45209cee1df577b8c2caa6e5c8bbfefe1.png,
17a2c1f22e105911818d6fbaafcfe37dc9e249db.png,
17c61cf5720c1e673189e4b68bc4a9f273888982.png,
180fce142bb13ebd1fef7ca72c82aca20fb47a92.png,
181f9cde2790f584a30705393d3b52ab9b5761a9.png,
1847b85be18238d60060c8e7f02186d4bbd1a88d.png,
185b0b420cf534fe9428abab9127948276e4b8dc.png,
186325c809c85ebd5b8c49bbe6896936da2a378a.png,
189abc545001561d50fbe3d29958a9767663e5a2.png,
18a0d990cb0674979a9f41dc02596ed8a557d415.png,
18cdd691055de8826efeab8bbab7531fd931eb90.png,
19080de84f40406d580f14f7cc9dedaa66106fdb.png,
1916fc5e84a33aacc482b5368f94b87015701d1b.png,
19528fdb52c3e4db9eda569c84141304cd53ae3c.png,
195b1f6f019101003adcb918a768c25d101b717e.png,
19aada8d7413c14276827dd1656c4c50688d9dc4.png,
19b2b218d94e2a0440dddf04455b98e4389e4c78.png,
19ca303b84c6eb4c43265f0f7f53cfd7a55a0f2c.png,
19ff1f1d04fa4b98d3f1ac6780d850046fe0ca84.png,
1a13ef55afbe6a34936486bb17cf372e57b84508.png,
1a20f1ab1734e6b31b417c30114519c9614e31a1.png,
1a2f8fea370c4eb4198618a80c0e9cba1e2cd4e1.png,
1a46584496d05a85f2b180bb6d062a5d7ea4534c.png,
1a58bac154443d59804498bac0f79b31fc04f1b2.png,
1a7773976da1fac8e5480bb40705b4e4da097dd0.png,
1ace7b645e0cbaf3df4f74d378352095a98dc76a.png,
1ad6f9bcd629b317e413a3597b2c68eb5e2ff1c4.png,
1ae238a2f875b1992a118d30d2f6b03d40e94722.png,
1b5d5fd9d5929a6e386c619c7d6c3c77dc927535.png,
1b86d917eeb6c7cfb7b0911f1a415fb4efecb308.png,
1b9916307516e41914caf7a529d8b566cc002833.png,
1baf0afe2139902852f0504bf1f589c9d0ace87e.png,
1bc0e2380a410f3252773a66a83f6b052bc0e9a3.png,
1be341e87fdd4ca8765fc46a37b068b47098c08e.png,
1be4bbc5c3801c2ff1c1eee5f3f0e5e44435fcb8.png,
1beefeea9ddc8f050614830000a9cb3a167a951d.png,
1bf9339f244e477ae7e75f5668e68d7752d44bd8.png,
1c22a7277e902dd9e003954022b2596cb915afa7.png,
1c29095465a29d5b601e0b19291b6ca0b9331f61.png,
1c378058fcbdd4b391c4f921f8ca63a0377fc6aa.png,
1c746f7ffac2e9402be453322858f9503e9138c2.png,
1c93594b75417b237ba2632603d8e76695c3ccfb.png,
1cd8a3f38b3df9fa88e53f5a105daff9a07e1dd7.png,
1ce79653da6fb869db4bd649fa1d5f244aab4e9f.png,
1d0823714a4cad82f0c8b9523c7643d530fadabc.png,
1d13ba1c64a2a8d8a8ad340d4c8559ad9d4625a7.png,
1d5a029826cd3f77878dfa8ff0be5db42e16c441.png,
1d5d7247d05ddafccb6a6bb79a416ddd08921d35.png,
1d70170d62f3e8497e6bf8cac12a920b8127287c.png,
1d85cf011bce661d4cc00d5e9654ff11ee6c8c85.png,
1dbda9a69a063bd6891727ccef1fe535de9ae17e.png,
1dd20ca15fa6a7fd9e68018bebf6bb3fffe6e80a.png,
1de9730cd2d6081daad0d37129048e63cfda2afd.png,
1dea2630eec1858a427e156eaf9e96889e99b554.png,
1e050c49be6da60d90088333829295cf1f3807b6.png,
1e0a5be740d973324a48e46eb110616c498fb9be.png,
1e19825e1eb12d64ab958e8aecc60cf67db6ff0b.png,
1e462ab5dee4e16c3688d4d1db31fc483eed5944.png,
1e5c7490cb5ada96590253e8b590cae560d799b9.png,
1e92779cb2713218e19537198d13f9093405c694.png,
1ea9c442ba1cd1a573e4bc715ab9b6640d5fa5cc.png,
1f2b9893c4ee53f6b54151fde41302a1eb15ca84.png,
1f337de8d0f2de2cd9f79c77efe265e008358894.png,
1f400553c7035a0f6d95965526abbbee82cbbec7.png,
1f5f6ff958ca4f8deb58c704f3baf2f17ce8a909.png,
201144708369598dea4f190eda5548cb833ab348.png,
20272824a8d6b85360e35bbaab465216850950ae.png,
204f318693c13fbd3e61cb7b7559ff42d49b93f5.png,
2060347ff9a5d68471dc6473c4fb28afa53c0f82.png,
206a37ab9a67c991e2ba0011008388fc29801b7b.png,
209057aceed3c4d30e47c3de8c0d3329048e9ba7.png,
209261cb5532a278a2b034c856af2b219161bb23.png,
20a3f78d80b1679efe89e8d58a9da75549cb7a4a.png,
20b47f2e2a2addf1a953a809b3892dda4a41f5bc.png,
20c11a2edfcc63ffc7e7f508f76cbb9ea0cbf9b8.png,
20c965765d960a7f902f799b4b2fb44ce4b1fee5.png,
2102fe03a09bac8df5788a747834027db309b9b0.png,
210a981372a88839be1aa9e98ec05d5b094e1081.png,
210ef786fd92c7143ebcf70844fa3e43085db3e8.png,
211952ebefc80dc34daf902bd383e31b049e2f82.png,
211b3d8b744bb2411720a317a6ba66cd6fb01dfe.png,
216f08f5dee7a2932794347b472ef6706ab1a25a.png,
21fdc24e8a1aa0dfe7e97d6d2eefee6d92cef490.png,
21fea39790dcd6b5aa044a420ce44b84c21981d6.png,
2228b171ba6c1fe173db3ad76c3f25705c13480a.png,
2236919e60638ece15fa4af3557c1cc69bad9d2f.png,
2260dcd585de6d8798552a226ffeb513c762a40f.png,
228a938bb41befd83f36e315af2abdf57a9a80c9.png,
22a5f4780a453717d3e5500b8badcaed11fc9aa6.png,
22b30ffb47a448a845a9ab7087076cf06b7b215c.png,
22f4c51c07251c5d7ebca492a26230836884bff1.png,
22fc766e7e7bde7772627def5aa0f6189a69fdc1.png,
22fea70ab2218258a6f894ddd49e943f68b47bd9.png,
232396b90edcd57d2ab72825e2c0337151c81e9e.png,
2359f9229b4972b0b8e8c5e89877662f4de9c702.png,
235fa9681b16efdd48ecbd2b77649c2342bd8a84.png,
2365f10a01a0fee5e5316533a94898dd5bf59a6b.png,
23689a06e86931f25a6b413357600bbf60f9f404.png,
237053c7e0c764ef7738808c29fd0a3168cff60f.png,
2384720e107ecdea7edf230587065cfeff42f7db.png,
23bfd838fdcf59f3bc67200d3ebadad9e00f13a9.png,
23db65087cb648223bd74ce67359d77386ed1843.png,
23e6005cb2c63fdfb2a2c46978834a7e25cb3005.png,
2405550d81f9fddaacb81b5a6a871b88a63e29eb.png,
2412bb65e3d79d694cf2d29c971b92027c80660b.png,
242e7ebb657e36954c2514471e0647b91cc25085.png,
243273a7f25271d91e5967a1adbdbe61b4a7cc22.png,
243342d4f4990d50d2a79e3c186010b23bc9fa09.png,
24539470d71a4e6829a550cea5329bc4c4335676.png,
246a8b09a26d26ecabc89663b01203e92ade25e3.png,
249fe9cca9fcdaba18aaed8e2cdbbcff835152b6.png,
24ae1e85254c1a569aeb6952d6fb4f3e3d64d275.png,
24b99c2c4f23e66fefd7df4e063bd70544720a73.png,
24bda443a03c12b32f5fd127502e79a289bfe12b.png,
24e549ecc1542238a1dd88bbd46124d65db3d0e4.png,
24f85bb2d8cf0e3022ffdee82343e88c39673930.png,
254623ada2fac895c690f1aebcedf8fdfa85b628.png,
256a33318ff9edbcc79ab6e4e6b8a31860afb2e0.png,
256f8cd2687111a8a0a0d9e02be316fd580f3f01.png,
2576fef41e9fb23f57ec517a31edb0af5881d154.png,
25a58d61b5c879ee02e01c955f7d00c2c05d70df.png,
2628a03eea22ee65ce51bb8a4a631f14aeb65970.png,
2631eb81d3b121acc92482f293ae4bf355e5a68f.png,
2632958a047ee2f047f98dc49a50f4a2cad21b30.png,
263be78b9d9915f021065e96ee920bd2315476f7.png,
264c4654e9a549c49fcadcca702de12059e08024.png,
266839e8b41a19b29d6fb89672631433e7444962.png,
26b47ffcdb27bed672ae7210753e9b49a7a68134.png,
26c0f96efadfe0039024204163528ed416723c7e.png,
26cfcb8d4015604d2392d181f5515f3eecfde1ef.png,
26eeb521a7ae97a59fad71cb53a5f6138d1d8ca2.png,
26f7e95624ba5b18ffb13d0169ed36119e8ff15f.png,
26fa04ad98ed93cc9454927a8f53d5b99f0ab490.png,
27043f5f660a8598f8a1c09a741f8dd877445df6.png,
271cef09912370f11a8364c35e9b5a9bed24967c.png,
27433e9361aaa8a9e835da582c07ccdf306e68c3.png,
276bdad8020deedd0900097c478b88f321d52ed7.png,
27ac0c87d554343d63600a57fef775c11f0fb09a.png,
27d276b334b748e44e62be8679e16878979d0ffc.png,
2809e6d29d43e56102974eac5ec1beeb2867a708.png,
280fdf035a1479c699a828a9a6cf90a9919571e5.png,
280ff1b22f44bc8f9c8bd224641d1215dbdd1fdf.png,
289b44596830b8a27f95c1680c937712e99c6390.png,
28a77d3f08d7540e82fe53ea2d3c52a9b4bd12b5.png,
28b887348e24a6681a0144ee3baf5c64b8f0918b.png,
29003b819f519249fec0237428d9b73e97d56312.png,
2907f050d1a9f5c36fe3ad37d229093d2cd695f9.png,
290cc73eb0b5c343b51b5dbd79171cfe4198cccb.png,
292a2d12e4f256d42cef0c7e89956462c3f2a8ea.png,
296d7c963265f24eb0d433aebd959e80108e3ae0.png,
2977081d88ec84a78ae4f00d4219fc1d351788b7.png,
29a566474192261faa521f6edccee9e00f2abe1d.png,
29e398f92f937ab35f2783a7530690fcd7dbb42b.png,
29f3e879b913ef3cd006cf2e0df2af2db9a245a7.png,
2a51c6e46b2ad1d388e4068f44fbc73bbbb74877.png,
2a5c68061ac894117fad2fd4cbeaa18e219a42d7.png,
2a62b4352e0515cdd27b4a6ea66a154b7902fdc4.png,
2a8fd69c262c263a3878d09ceb495e82816f3045.png,
2ad59fc2b8572451baefeafbb7928ff1b0ea9907.png,
2aee885fb6d333f4e3f9856efc2710ec2bee12aa.png,
2aef1ca28cfa342a143887f4d069bc1f2f63cf15.png,
2b4ba361cc86c37d1e1c68afa5d43ef8fa09b9ce.png,
2b6de0a3a3297bbac127f01a0c18151fc6805e54.png,
2bb80c29c6e43c5d68d47865fb136190425638cb.png,
2bda677f523833fbbd1325f5d3f3288514fe5b4f.png,
2c0b69957ed66dfe09e4296125e7da2605a687a4.png,
2c2e105efeed712bf06d005d70f7f60b3ce80aac.png,
2c2e6ed1f40db68467df3dcbeb3129830e95fa30.png,
2c34a4ef5243710e22067862a5e5c97ce0bdc1e2.png,
2c7305f3d4ad974f381e6ca7d06cd9873964454f.png,
2c8766a98ab8b778b1983dd4d1792e7056bf145d.png,
2c96e23fc6d8a8f1acb42152c304497de1a5de71.png,
2c9ade8e454f2aacd6771400616b38b84f694cf4.png,
2c9dd0acd04c314ca760bd7f05b0801c702a5fdf.png,
2cae1e3ab7138ae2d424b2734c9da22144434a61.png,
2ccd5ff46b51c8a073f75d66f0156b43bdcd7242.png,
2cef1d892fa3ac37812fcfa6609cf2bf703e4761.png,
2cf2d672a72c4cb5cc80f9bc89be5ccdf4a9583e.png,
2d36291329c961897787bf0ab201bf9f10a1c158.png,
2d4e3ffa23d5e876deb1b768349274dca5c4c48d.png,
2d9e154bdd3ba452ae512a79bcf0988442473c80.png,
2dc8002bcddfe9081189351c27c46689d1a56509.png,
2dcb082d659274ebee173030dfce6b91edcb8588.png,
2dd77c40d0467aed8735c09820c9936b840c45a1.png,
2e12262dd4fd39f2cef38abcde4b3529011a2d75.png,
2e3a31d42c8cccf2cf12fe3bef0a05c8a96e57e5.png,
2e7f91a50f1b1bc1d47d9521423a23d64c176474.png,
2ec6c1268d4588a67e45e532cba238827d0bb0cb.png,
2ee3dd39fcb5424937a0ee87b840d03898f94f7e.png,
2ef1332e358445e7a3471de02dd7234bfafb8f11.png,
2ef607bd2a3f68a2a9adf9b926d690fe8e23bd54.png,
2f14e40c76c78ec2c613ad183022751760a7720f.png,
2f3397fb1284d1a023ebbd7162761b835ca23d58.png,
2f34d63c178ded194bd9ca1010bf507c895bfdb8.png,
2f5e56445a461a951b946c5be6ff66df7c4099d6.png,
2f824bfe4c375114d554bbb0f3b11e1b7e096782.png,
2f8826e7f2ed1e3269717f81eba1612ea485d27b.png,
2f94c51ef5aed94d903d648373322f3a04655fc4.png,
2fa15dedf532a090c67728a5c2819837f54420b9.png,
2fe53f29d9c8bf6a10f1950ac6a10340cf769c6a.png,
2ff867b762d6ec4196c642ab526d45576d40dac0.png,
30451d5fb381f4dc3d700df17dbbeb00c5191aca.png,
308a2a2017ec8b9268b10373beacebf9e486ae75.png,
30bc4985f80e8390de939ac6410bd94508bc98b3.png,
30d2b5dba01b7f3cd41ed26d82e504856c00d957.png,
30d4bf0e7d77c0cf2c92ac33b061bbdea4a4c82c.png,
30dc74213e24a54e523c92420117c7892180798f.png,
30dd858d6e5a31eb32e7e8d1ae0974177062f4b3.png,
3115c404a5dd8375cf22a10d5534e67240f8b386.png,
312460835408702efe533fdf5291a3a10c9792c8.png,
3143716323d40759738f1b93adecb1e44de8bf29.png,
314405a44cc9268948d72dd4b608cf7b78c023ae.png,
314a56a1bb8e6856f2f15a0fca2d89cf4b04dfd7.png,
314c0c4682baa78e3ac09d90a2fcf67da57deea8.png,
316520261c230e49c3cb8cdb4b69ad43838d9b67.png,
319c1c34be7aa2a7b658e427716061748f4bdf59.png,
31c35fc6ee336217eb174628b308d89db896eb89.png,
3240e13784d92e3226f4d623cb788d4503647d1b.png,
3276186d5edb3e3458ac5398340d6cad7e7527cd.png,
3296397250a17e9d0accd54abc3d34c5c155a647.png,
32c62dad7ca0d9428ad1823700379dcddc31f2eb.png,
32f1efe5bf9f927290c49d269cd4728744ba1f71.png,
32fd0b8d07e29fa82b61add81acafb30877d0304.png,
3311ced2b9e39fada70df7cea475203a39062a46.png,
331fb1a1bd726e9c77490f80a623dc085d82e00d.png,
334d6094a34130e8a3327116f79057bc69359b0e.png,
337854699a65c9f500ab1bb821a781dea8bc2334.png,
33afbd4182be98bc82d1f42234e383bf3b6b7a16.png,
33f68350413e1aeb8d04020318c473ce5f1554b7.png,
3440bd479f093f55930c86e1112b943aa2c7ccfa.png,
345b39beb1360d252450c02c47453d83f6cbea0e.png,
34823496f042ea8c93d0d407113d14d327ac76ed.png,
3493faeb9d5d09ae9b4535c4fc5534a4035f7344.png,
34fbc40de8c62d2948c209877fa2dda105f4fdfe.png,
34fbd6a20f4a89df55eaed24582d73ccf4f8847a.png,
34fe6a49ae6681263ce464d31fcec168e3cc2489.png,
350c87725cdbf8eba7b9d4cd5fcdd3cd85df63e5.png,
35155fd9cfec3b97e4b0e80526673aedda1c2137.png,
353406b2e8f6b943233b865ef2c1d4bed4f22011.png,
35347ca5d96d5af37425c5d3cdebe73933abebfd.png,
3571a37a7b4521c6182b8926955776dbb7cb26d9.png,
35b4ac73a6dea9079f270c85726d9665e2774c01.png,
35e6dce743490fade4ef5cd87d43a6caeb24dda2.png,
3602e26325951eb996293a70922792cf5daa1c08.png,
36391a4483bd1a291f3fb6e1ec806e8995ecee37.png,
36823da78ccf484b59b4ed999b857b6d56388535.png,
36986d1104e9bb27d59198754b75469011bd65c0.png,
36fd72cec42f74b40e1fb1b575c4a845b6938af3.png,
37001a3c1f838571227eb758669cdb42457092e5.png,
3752a7a9e2770b5960202dd5fa24446f4dc91c73.png,
37570b91260730012622bb93b678a4a47ffcc2e6.png,
3779d1844b890a24938ec78957722e14575e9fd2.png,
37c2bd7f0a06f7e8aefc312d4d60068e53eaa159.png,
37f9aee6ddac55043e27a0fd67cdba7ee64f49d6.png,
38488db04b3e100976d09b4afa188cf6d0ede923.png,
38749b12308a3b17b1cc0dd1ef7d5450ec951d6c.png,
38831cd722d0d317873fc94681fd4d877b644965.png,
389c4ab105b2d24757f3dc7d7d8eb61c83ab39dc.png,
38cfe2474512cd09b1609211c45375413c1bab03.png,
38e09f474b7967d8a95a764c8dca9c4980539db0.png,
394561585d9a6ef12097e0f2d8392e097d27ada3.png,
39a66bc64bfcc5af8a822b03bae4236ec714b244.png,
39d8d5798855e13f2a3cbf1da445ac7b1b552518.png,
3a317c7191bd226a7e9143eac282be173082f7be.png,
3a52ccc97c9d178829402e6e45361d903b6d9880.png,
3adabf0174a5ec72d06f4c594f513dbe88e1f7ad.png,
3adb512f25b2b76d3bea29e6e695ed5e605c71f4.png,
3ae8a240b26d48555ac2372f9c8c0c0599a303c5.png,
3b126073fecd32b5af18ee822f88e4a34b7c3099.png,
3b13c2d4d10c6b8d7b29c2efa1f894d1339fec63.png,
3b249355377706f26dcf0106725e2790555709ad.png,
3b6dcd4796f01402dc2a9ed95cdfc855f809e79a.png,
3b906a9413489da52a6b2ff3c636fcbfba2f54c1.png,
3b9773a2be48818101caa36ef6c3727e06e5e563.png,
3ba39bd14ff0375db561c7d8a5a951c4c73c3f84.png,
3bbc835966b200d24cbb3d5cadaf3af4d57f1ef0.png,
3bcdafd3cacf984e919f1bc6cd00e52f9bd39841.png,
3bcecf33def984cdbf559aa3a23df0e61426ff96.png,
3be9d32ad5a82d7548669cee912bd34e5ec9a0b6.png,
3c2d0a96bdaf8295a3a75a0be8d5696cd361bcac.png,
3c65b9b4d91ef2b8490cf09cd3f993e136455d31.png,
3c92d04e712ca9e0e8563b708a7d6a71f7a88599.png,
3cc076ee9059ceb4d54f5dcae63fbe3c03e62077.png,
3d05ca3a82cbf3cbad9b009289eb83c5f5925a89.png,
3d127d96994a887bdc4865905b198e40e4d74ade.png,
3d234fa965e1ab2acc7424e80ddce489b26eaf76.png,
3d2e9ff5e3346ece29b7c19dabb9603d3ab0c29e.png,
3d300d796a1dc1c89a7a7f0696fc9db20da1e061.png,
3d421eabcca24e4af6a80da04b564d41436e0d9e.png,
3d651a78908eb97a19ce16318348da3430920380.png,
3db6e0a754817ce852868e6fe9f9cc7ca5702951.png,
3dccd6eadcd097851091485e3c6f7e136939abe8.png,
3de0a8f80e2ba5099afb15a3d7ba94ba9ea5c682.png,
3e066b3957b709a3a29ec1315a3e3be21dca9915.png,
3e8cc484bcb49ebdfa963791704b0a10193f31b9.png,
3eaf5f0e516fa81c9811e82ce3706c6c19d006bc.png,
3eb90935490efecde9b43432be1261a3e91901ea.png,
3f36c958063b9643605c2c1633ce39dfd50b6b58.png,
3f4b785ef0533a411f55f6a1a69451c82cc7b4a4.png,
3f6298dcb40c5dd33c9c446b4649f1ffe9a8af69.png,
3f663375ecff70e6dacbdc09d987d08f00c84918.png,
3f921ffb119da11b31ef5c75940c559afab2fa0f.png,
3fb757404a5b34fa893280d6d709fa4f3e69e3fd.png,
3fbc6d94ae89ebb4d1db4291882cec785ff4f8ee.png,
4015d8923502e3aa9cbdf957fc9c690cb12245c9.png,
406e5ba057d2797114ccdaccfebb957908bb2a95.png,
4071db14b222ea52abe9dea5cbb04f3ef951137e.png,
4080b4c39f8a95a733b4bb8138538d975b08dc7b.png,
40ae0aa28150a6ec8fe192a21f630b75b9cfdcc1.png,
40fc9e699d433c73408419fa54a91837574ff017.png,
40ff31da8c354e07cc0dfc7d746ef4012bc5555c.png,
4106e9cb557b58d7108e822bdf40a0b702540bad.png,
4190da07f97f83feb96639d8cb51b31393b39be7.png,
41a3821c9bffa6858a1a072127d13c5736f1192e.png,
41ae8a569278342fa0e6f48593de240afaee70de.png,
420371e3400969fe0b9fb3e54a088f010db62d1f.png,
420bad2cf08d33bd20386619cddabf84c8b24dd6.png,
4220f507193ee84c6f657ebf065c7d71693fe3c0.png,
423ac4830a06e500187fad433cf2d0ac9859637e.png,
42575df32f136aa93c8e782e5dd1024d46a37af6.png,
4292aa5656a09f23e55dad7fafb70b96ab8fe992.png,
42d5838883627131aa81566142469769bceaf4ce.png,
42de5288314b0d6feb14b78e6cd02c802b52a24c.png,
42f0c48b9c0ea299b69a46205198b27fc8e8111f.png,
42f27e12f9bdbf68ee945fb3404d8b3fe79ccbd8.png,
42f58c70728596455b8b062f5c21cec348d183d5.png,
42fefe7502ff009871ec59f221c2a9796fb19c16.png,
430eb907901f3586c676fb7baaf785d0af1e8070.png,
434f666d8d9d91b151844731be68b41b07178911.png,
4354dd395d5fed4caa2da8d00c83186cbad72c3c.png,
43aebd59481984bc99e1284f4e9110014dcd004c.png,
43ed0883e0f1bb9fdf9bcd9732d03a9d4c7ad182.png,
44225343d14c8ca78d74fc532ad809a00f6f1df1.png,
446df81d6f090ab628a526dc0596a048bca783a6.png,
44871ada41515b86b939d2d122b6f917ef4abb46.png,
4489f635cf66eafe0f06cf6fb60f8c2146138a94.png,
44cd999018eddb222f7f2ffae74f164b0e48de83.png,
44ced4a33b16b1eb3b49cb28e035f8ac1f94ae26.png,
453efbe15e55004227ff5e71bd30cf7c50408448.png,
45b17a72d02cff574dd1e5c05d51e619ef9d605b.png,
45cbe143d1259bbb6783aee4dc360f7d30c50921.png,
45d2fd69af86a4c81b890ec7c71c92980800579d.png,
45f1780be582cf229f2fdc06dc9b12ad88025d66.png,
46392b7bd8f0309c30862d974792549679ce7bba.png,
463eb1d727797f2a65e3046652a3bca4dd4c6398.png,
465851490e860261edfdab376a148f2c7af525c3.png,
46961e731e30413dcafc5932d9577b214f8f09dd.png,
46a21e257c0426c680484b33cbeb81dd8a6f19d3.png,
46a3dfca4e2ea815c4acea6cf979d3cdf8fdaa90.png,
46ac50dfb4ab13f8e31c7454ff441bb8e5992195.png,
46ef98dada87a3a964e6aca2380669802ba3cd38.png,
47090de5f39a79976daebf13b853212845bc085b.png,
471c6d3f350b84dc5dffb34699780ff5a52738a6.png,
472a5ae2df0366737cd04e421bafee54d13d5121.png,
472fd875471eb2226c7f1bb8fb35d13b35db7461.png,
47575ea8ca4b1b94f848cbd628f116f2dfc665e0.png,
475c9ece0bb601ee563edcd25c8f4428e9194fe8.png,
4780a7ad23b4c10df9fa0d0386e316a33e160338.png,
4781871d9e75debd519a41f51dca7a913d706e34.png,
47a284f0a33cb85fcfa3ea1d17a097d0eb6b4bf7.png,
47a2d7b403c6b1deed9e960781793f56621b649f.png,
47b020cc449a966b135f8a0b243c0104dacfa659.png,
47b6a08f7db9246d33afc03eca8c993217d7ce74.png,
47cdb4f520f145e01c446db5d91848617cb456e4.png,
47d47ab7d7626b3a04a4c32656f34654453dd78c.png,
47e0e9e80833447901a912043e67bba14fba8c9b.png,
47f8f24c6a6ab1e5354446c23663ccd67addd302.png,
47fcca300d9c38a3cd02071cfed09abd13536034.png,
48001b0a76753d2f300be9f0fd5c2e6a60118594.png,
4806045d367d0f203f35ffdf50b97aeccee9c4e5.png,
484e195bfe36e1f73f782e1baba314eb7e591dbb.png,
485930b7b2c431089f44cc4ac82faa3ef936f953.png,
48a1e267898f4e5319a2abe05b1368ea26162c5a.png,
48af2becedc9060a489b04dacf4947eef561721d.png,
48afa059915ce0758f3aa28260817807aaba8e49.png,
48dc63f4375aa777fe0f25f8e9e205ebc86366d2.png,
48fb049ccf0893eaa4a912fadee79dfd2bebd0d1.png,
491e2f400837da20cc61765dc1d9ccadf9605f37.png,
4921545e2c0dfb8e8be2351a0a693c99df88e6b0.png,
49614fd899e814aebded9c5ee3bb21a3514d7919.png,
49884e185a1becd475ff8020d7cda80feb993439.png,
498a22abbd2376999f88972db35a2b7ed299dca4.png,
49a3529919b0bf2b60b18b6efea682cb3b3018d7.png,
49b4955c6fc319df9ca3ba808cb2c9a02a5ab77b.png,
49e63757ebe6ff22e4557beeed70484ab02c0037.png,
4a1bd89c39318c305fd145f47a770678dfea1971.png,
4a1f8a659b03eb3a042fcad22514a349f3a1131e.png,
4a3b1ceefa0c25028f84752980fdea2e654468b5.png,
4aa232b2deb830fd35810cb4c6d32774e93fa97f.png,
4ab7019b4b462d0d06bfb1b74fca3eab55f2db3d.png,
4ae2348f04fafd1bd0ffb23d0e37eb4578dda0b9.png,
4b14569aa3b584b02a53fd3a3657b5ea16853b52.png,
4b68f91ddd4a0e5956752def73f874bc63dc21dc.png,
4b7f93964ba8ed243378cb6dbd45426024d843ff.png,
4b957abbbac1bb76dcf17d5e206199d4974bb929.png,
4ba06d7d6a3b9ff278ddc3d7e8e63cfd7f5bb95c.png,
4ba1a3e626cdbba6e67e44e283e1f543aea360f2.png,
4bbf352688eb4a9e14f083756425eecb20dbb571.png,
4bbfbe8985779d8d8877cf26311531bfc4edf0b4.png,
4bc79c41baf3432fde9198782231a71cb0eb5eca.png,
4bc7e5d455d2eadf247e370c0c469633e80e8277.png,
4c02e315576f636f437273f1c55b24f6118ec08b.png,
4c76116f52bef3e27c150bec0f5df95962c5cefc.png,
4c831f89310d1ceb92798b3b662417e6e1c5ce40.png,
4c8c9a5ef5a8bc40cf567d396adf26a493fef4eb.png,
4cca5aaa56a42763acf70b2354f5072e92e78b01.png,
4d2b2cfc503eb5d52808ed8b6db20c0e40d5f5f2.png,
4d343b24a1757e2a0d26695b55df82eca672d993.png,
4d3eeebf207df2cfe7a192957015d0f9405abf76.png,
4d4836fd4c8718be6f15c56bb6e251ad46bebad0.png,
4d63ab7f940a23025f50edaf63aa5ac6a74f99a1.png,
4da4580b70228aef72dfa77fdab3567c249279c3.png,
4db3630c65c4cc946972e421ca4cd367fb974389.png,
4dc81412300b9f6bc40c11048501570f2d3b896b.png,
4dd7e2f7b48239c78c5b5d7033405ca8634194cf.png,
4df6a7843cd70ac926ed2f3eb51f1b2aff5809ba.png,
4e2059c4401be0db180bf0d503d1cc9716506bf8.png,
4e4c6cf51c3a257a659b3fd40af1b519734d9483.png,
4e4eec82dd3571a58e5c6d2c4d6df7ece7ada5f4.png,
4e7dd06ed9677888d31a3a95508d5c54979176d9.png,
4eb49e13e0600c5cd2a16475d9ba2e6f2cbb9754.png,
4eca741fb51ddbfb03d518bc0b1ef7f3fd551dbb.png,
4ee515b288430d6de150153cbb91dd5d56a4fe66.png,
4eefae3e4ce76c4756f68d5ccb7df04284c263a9.png,
4f12d380c765f17110137a04141e1298f25112ca.png,
4f527f32cdc1e62d84ec97bd62f551e62daa95ec.png,
4f7cf9aca7f202f1387996ce45126bed6a0f33ec.png,
4f8012112c3ca17dffbf8a438e746669564ba451.png,
4f92ddffe0f6adb64ab41236830f7ae74d300877.png,
4ff3bcf284c882ad0ca1e63f61f2a0dc70caa6c8.png,
4ff3f3dc320c15a908a146e3191e83e5088ec769.png,
4ffdb198adae4aea6468187b28ce88af7eb6ea8b.png,
5033d93ae4755ae112385af8f795c3da7ab4bb37.png,
50a3de3e109f1f7a6abcbc7112d320e793e81bc0.png,
50a8e5656930a9add4e94a25e67eca6e1fbb74da.png,
50b399ba79bffc98b9998aede364d1c0c7c6a754.png,
50e87ef0b52609996f56ab501767a3c1f67f6e61.png,
51202b4688d89837dc728dd5e1b98f0f4146cf83.png,
5124850dc61c6a7a9d419f898a0525066525d16d.png,
512f2b92ec8588d5039d5b24e273b0088bddfa2d.png,
51419e894f800c5528b73fd5ff052dfd3a36ce8b.png,
514db4e36356defab227d020365827d81cfda273.png,
515ac42392c91dadfc456d0e1490121542e13f52.png,
51cabc5bf53f36ff2477997ecb275895161402eb.png,
51f588618b838ae989abe9a64e0617d9d1ecc255.png,
51f5cb38d614934f969c0fcd1d360dd9fff59848.png,
51feb5d90997a34bc6e2c337d202a0855062c612.png,
52069b87698eebe2c5ed68e46487b07f011f9b73.png,
52120b25cbb366c5de702f1f38bca5b853ea2bab.png,
5213ff40ee40c498c71bc23963e2bb2f5f055439.png,
5226188bfcc67403a64379b2988ecb5965717a09.png,
523625db193685bbcf5512db3ae266872ed5a04a.png,
528c68f219760205a5cc51ce2fe144f37608b3ec.png,
52997d9c8813d684d902510c5929ac05f7a83637.png,
52cbcca6915e5dc5c080054eb0376d499fdd5eaf.png,
52dbe21c3fcbef182b755214d116bb1af80b0718.png,
53058944bee9091e5543a833c2a2f9f7b94dfcb3.png,
532db0ccfd3fea61cb8bc099ef91ba2494baa01a.png,
53674b711a6539908626a6c9e1776b6ef996c437.png,
536dd3e281d117f4504df8860441535ddcf45f59.png,
53fd0864fd2f3c063e68c634acc3164894bc8336.png,
5403ca6ba94b7e54640a24e954637f28cf58881a.png,
542df1592fd7ae4faec3f84b6e5271a363b4ddc2.png,
545304baf906519f3224d0396b3f932c419c32cc.png,
5470b4f9d5bd83bc2416f052cee4a44d7a36b429.png,
547cd81ee62b2be395a35c2ad7c2d2d7baae1a7f.png,
548533b6cd10ea9292522440b9686a28ab62b40a.png,
54afecb6f1c39f499ae7c15ba7ac40c76c566690.png,
54e59953d2744ac42543f656721ff4e72eaa316b.png,
5500d6dc113cae4c9328d9ca28db0eaf61f450fe.png,
556f5ffcef4f45ba1c1ef5128e0b6058cf7914a5.png,
5597f16400fe58f52d84cbc8097db8ed9aa7f3ab.png,
55b0b31c328077cb8f15f012fd0c0c912288490a.png,
55e83ef539d12d1ea05acb218c58b0d5ef77fa0b.png,
5614d0030c0669efb27e2b9877897d1bf68ec0f8.png,
561b65eeb1050ebd194a0c80e0bf5c667db35781.png,
563991eb6e890896e1ae7e91316effe36fe33866.png,
5651f78cf045ce40b067f60618eb8867c2aa9852.png,
56633cf3ea0cc26b41b7421be2e276598901d956.png,
5671e9ce768bbca0d8b211825e4727cdac8ea1df.png,
56ab308e4ff18ad1921b76bc2ad41827ac88015d.png,
56c5f84c59f96f15e13b7850bbf2e6f54c82141a.png,
5760d7edebf2c7529861dfcc30fd6b4f009eb0f1.png,
57632999bffd914054762b48743b8901630bfb3c.png,
5778cd118e4ec498b6dd91aa9b349b7e78a755ed.png,
577a32d30ed9a3b94afdda97e8804869012ea12b.png,
57b83e5f21cfd5390418365c840920a5265dd580.png,
57ba43d0978aa59db37ab0962956ea11024bbffc.png,
57d8c0f3f07f2763d05d86fabfe76596c3e6fb2f.png,
580e61e891ee98d20a42fe1c1af3e8b07d8ff507.png,
5810772790c1a6c1dd6674f470a30c4f08c2ec1d.png,
5823574523df3a38378ad5098e84788ee5170ac2.png,
583785755939169faffa6a0f1e65d623289c6d39.png,
583b834681abcfe745eafad18c02b6a58e8acb92.png,
586d085156cdca0a0cd1cf6b8cacb4941aa6da5c.png,
58746b7b453a92db8a41d2e5bf11afeeb8722a15.png,
588d52888875da508e2277ba3dd398684172201c.png,
58d96ffa7e4b5d28217c36f96be5dc216ff13f5c.png,
58db60c9c79239281671960876b62f1c52b0d0a1.png,
58f5aa42ce0d3f928f5084c469f93e7c08ce6a91.png,
591f8844ab9e7ad6380759728ef5b7c168673814.png,
5921e0c8955430fef7a18d63046ed03dee5bd8bd.png,
5945f976e676677becca225bc05f47ba4fd6732e.png,
594b02bb7ecceb2f8d1acb5974dea37587d60486.png,
595df17bec9eb3cf42c33728e045f57e3a9e95b3.png,
59630de2c49934c5e98ad83d51e9cd1271c6bb8f.png,
5996ee7ee595111c9c25a6210d544c406d1022cb.png,
59bdce8f8d4c263f5dbc4a9677e8954e67c5e691.png,
59d6debaab220de75bd319bcaf457b7ec82cd2ee.png,
5a5cab9df7edcebfe85af56cf07b57624fe501e4.png,
5a6fe7d324a6bc7cd4fe1d2361d7f0ceb5859498.png,
5a70e433816b35c1cb02ced63aa393b0392c00ec.png,
5a8f02591ee00dfd6fa5b8434ffb5f7e4ce91818.png,
5a96f1bfbfc48a929beadb1f129462480d8f02ce.png,
5b063fbe08de8b12f9add46abb67f0c74a0f3b81.png,
5b0892ac70d797a392713ae2d8e57e89540f5343.png,
5b228007403a9880db3b3282a2a48ccd3cc500ed.png,
5b2a5b1a4828a784b37f2850c0798ab3cd0904ee.png,
5b4b51c05ceee753deb5632ff022d4bdb203fe96.png,
5b698f4a8f8c877b8a8bafdcce295fb100487a62.png,
5bd00c98a4f8c373dcf00eaa6b413eed98620f3f.png,
5c399750d2c1b87bf572cc55f41323deade7213c.png,
5c3dbd7074d12fd55cca8e9ef87fd133a50462ae.png,
5c48a17367e83a7a16dcd31ba07ac190f86e160b.png,
5c5529caeae6f82d6d6de6725d56f6a2256dd978.png,
5c7832280771be0b035dcf6355a21be2321b0a74.png,
5c888fcc6c24c355b0a03df1d45c90447e4c0440.png,
5c8ff4f5b96f5248851223760481cbf2f20c5122.png,
5cccb95ef86e1bab45d90e554870cd21360e5384.png,
5ccfa9e451de1be73573e3ccab73e39b5c109bfd.png,
5cd16cf31ed8a267928785bc35ec46a03580f0e5.png,
5cfe4f870ad2cf2958276814cd413a77693ab0ae.png,
5d4c2f41e2dca42a2e01fb41df06d715efaa3d6d.png,
5d5f131f732c1a6610e614e3f02c9709443fdc98.png,
5d7cbcdc2678ac37efe78515c483872a07316308.png,
5db0a8ead289b0fc6c0003b795122fd72351d2ab.png,
5e1305812c2982f9c8055fffc3af5c7ac1030541.png,
5e1c3a3445658bf2459c91e0977747030f1d2161.png,
5e1d60e49eedd72e9324098a8080f44277608a23.png,
5e6a54a99b9508b6e8a1798ddd2e9fbe8fb0a4e9.png,
5eb98a7918358753647c04f03ea860bde6f2172c.png,
5ee25a6ac12456f27cd7416410bef15eb092b03c.png,
5ee6e1613ab52805d745c2c0859287d4f8019c2d.png,
5f0ff89880463e10a4ca571084741b4793cb207e.png,
5f30aa144a80baade731f4e334cbb90ed07dd8ca.png,
5f4457d6853a20f95b884df09f056aed26c80a60.png,
5f6076a25788012e3cba677633e5888cfa76afd5.png,
5f71ff04380fd3497706815c0a4b9bd098130baf.png,
5f78f1dac2d6aafe660c7f53129054ec31eb04d5.png,
5f9dfa9b0fb86ad6ff55918828669460896567cb.png,
603151d31837a9153e69a68fb93caf43fe17e837.png,
6073b2b19ba771a7923c741efd95a649dc37dd20.png,
6097499e4aca4a57494addc64521b62ff9ebaaf0.png,
60a007e6890e3c368c487cc7ae75828721a078bc.png,
60b49bfc017e952248eaa84f3124418a49859630.png,
60bacf3401479c135b847a1d17531570c19190ad.png,
60baf956f8cd7ae2533adde5597c9837e03601a0.png,
60e6186ee3784581290ac6ed31da90e0de2be48c.png,
60ec577f593c026d5d23aaa1dd511c977cd23a28.png,
60ee438be363cdae1638a07cb709922ec175204b.png,
610115e9b0e84495e4b91262bf0c9e354d09e241.png,
610cfbc1c7d318410d8a474e35afa3b175869ff2.png,
611f507071a2dcff5149b4e0dad9a9d2344ccd8e.png,
612edb485218d3f78978d1925cdea646c2729933.png,
6131a8a13074ebd4d93a21f3a6a0fb2bfa5ad4ae.png,
613b99bd7802ca36d2aaa40bc6024405fc579a6e.png,
61626e4128610caeb77ccc17241da7f67fc4c80e.png,
6163e376a80e52ee97f73319cf06913b48293088.png,
6188395778fc48d7483972d615a91e31bcb05344.png,
61b4d58364fd1618e3ac4aa2b0ee9b63a62e8f35.png,
61bc6900b7e2b10212c6a0eb0828add1a151c338.png,
61ccd1fef96e1a13c3c6634bcfca8291cf6eb8d5.png,
61e4af7e40f839db6bc29fff0f2833efdf0bde7b.png,
61e965bcf620c4d9baa7b38f637d3059bb67f686.png,
61eaf15686979ca0a8f554aeb8113b1535784be9.png,
6200c3568dd5547664364b73665c407511de4904.png,
6201d42983dcf74181d2fd614dfa6c37f0d83f59.png,
623a60323b5c32ba1c2cb831d3a391fd4bb5b558.png,
6268485cbea3f8854b01a12cfc60ea94c9547ba7.png,
6277fe367cb7cd0feac481d48bbd5fcf28029e80.png,
62a8acdab3a87e72c5b9e54651269767c1f84781.png,
62ce809393c590637c1b1c3d797aa80b6e53c425.png,
637e2cc1223161056a132fc1e8e0e5dad6b4a0d0.png,
6385aafe1f9e18abc0b5f9620dfe4dba4becad2e.png,
63aa036ade6c96f990aaccb41e091db88b53cfff.png,
63c3403f1a76691388fe0cb88564e34af6b74e37.png,
63f7ed8ed039f0619c667b1f074dac803b0a2f2d.png,
6406724fa7a8dd7fdbebc4adec6bbe40414c09b3.png,
64297fc2042132e7df68a1444b530b89acd48809.png,
648188de5d36e9b2cc7d44653f7c23677035e574.png,
64aaac5d2eb699779c1b3ae76e99ecdca8f2f5f6.png,
65375748b993e6b66d413c7193abeb0416113269.png,
6538db13c1b259fa6f9bd80d1371990b07bfcd7f.png,
65510780e82a96602f921ce730558da1a992de70.png,
6561072f30a25d09f7894c17fba07b3a01252e4a.png,
656c657501feeb8bd64fc6475b3d21d0c36a1c0c.png,
65822361e96690ce2c67fe3e1a3f04281ea1290e.png,
65894b01ba421332e9e0cb5e8524785c35624145.png,
659dc57bee7469500e02ad07f65177feaa4599d2.png,
65cb8329739bfca473d560202c530111e724e17c.png,
65d16972d88af3cc8d65daaf32eb3b77e85fec2c.png,
662496b32faaa3a15a50a141b84b0874eb84da5d.png,
664fe92712a9ac7c82aa8ab904b7ade33ea66b47.png,
665bddaa5b8488ef01151c913ff55db7cb7898d0.png,
66c519e04e40ffea8bd3f193bd2ce81dd5a0a777.png,
66cf6fdb4cdb25bbac8d0318725fcbda58e04336.png,
67720f706dd4969b5a90f8eb5f8963696d3097a2.png,
67770e7508f37ba669ac733542cdff0e06ccd300.png,
6777a27ac4a5002fd576b255d472ede92bb91334.png,
677fd10a4e379d4472b76df8d9fab32c3722e696.png,
678239a73640a22fe45723025d03bb5b4496b1dc.png,
67a2eae6e9fa6de25d448b970264a31c15a1278c.png,
67d79d7fe570133f483156fe4c8971effa15b091.png,
6825722fd1f0fd81237a4dfbd6abf63c57cf0704.png,
684f4dc0a8de56bfa0e8ef9e558d8734639166dd.png,
68717eb0636a2ce2eb91f7539b079ca2b78c8946.png,
6877992d6921232573cdd72426ec0a2e3ff9eaba.png,
6888151bdf8baa66e52108d0e11a1f7c21f84bd2.png,
68a76b0400507074d8051278415225cd08e1ba45.png,
68ab29eb5860ceb5321d591aa953fd8249d76b3c.png,
68b56eef04c9002cb87fbb0af73cfc9cf8f07412.png,
68eb71ab169fc4689dad8ebc4dd1026519c80b1b.png,
68f46517e4bc9dac5525eeb3fd0960c9a35073a7.png,
6904a985569b67d2b6c8e66c60c060c90ebc8bd4.png,
6925e13f4ccea4b1ff010503453ea274d297d57a.png,
692ac2f46ce975761eb48d7244b11f655e85adf7.png,
692c5c78cb20cf413e94924c11200ac5f74a2d15.png,
6946df00ebeb85caf9f0c7e7a0779b5f7557170b.png,
694a0cec13ec02f3079441b75df65c64ca1e6aff.png,
695e2087f8b8b6993e2cd53f905dd63cfb23f95b.png,
6970aa8b541cee533bd641f2f5e06f4bf86ebe9a.png,
6a2c7ac058d941b08cc6508dd7bb5053e574573b.png,
6a300342b4cc78de7154a0ef9e0ccdfbfcef0c38.png,
6a65ee83ea7a5ee38e1cd20eef2cedfc400a9a4a.png,
6a8267d107ac3d7669a923029d486f8cd2e8e7bf.png,
6a851781ca4f3bf5d86aaff607d892c5d532ba3f.png,
6a8581415c72cea4d5ebf9b90c7e755255997ec1.png,
6aa8e8719f5e4929a7d6100fc849fc09e64dd1c3.png,
6adec7518a700137c0f4c64667950ef9536a5e4a.png,
6aff5b20cebae5e6f29e2c8425734a21d8130011.png,
6b0432d69afb58aedce8c67230b46fa23785d2ed.png,
6b17d63b56af85a68f0aec969e49ff7b4af99bba.png,
6b1c3604f2ba1e779010b65f52570b685cc63276.png,
6b3b7bdb7fe4c4436719aabef7eed9adc5dc3eeb.png,
6b941bc439e8be679b74c55ea679160293e09e12.png,
6be941bf1337a2649eb6b60f66885c5a66e2dd49.png,
6bfedfa6aaba3ff07b80a27ddea395bef5807ada.png,
6c2037648cb7b1481107ad24877014441c94b026.png,
6c62157de21a43ea17e5826418264dc3c7671f30.png,
6c6a9055fed533f7196c5b583d11642311ca2889.png,
6c7c022e95d461a0ac75ace2ce161769287d62d2.png,
6ca83bc07838e430f1079e3d788cbf04db6385bc.png,
6ca9d8283db043ba3b91c0f25cce462910492193.png,
6cb1f8864fe80733f28e748eb5067f24903a6f55.png,
6ce867353058d2a6b31bc65f0b0490311d668fe2.png,
6d0c58f76a74e79669e2a61ec5733807123556f6.png,
6d395aff1005dd6360805fd5f54e40e50af10b74.png,
6d6cce7c4b00af74d6043bc60660dc19ccafc987.png,
6d857598ab6b4ca280730d9b8b56581220e02366.png,
6dccb725ca1dbcf7ad72d20523b7c49357234ce1.png,
6dcfd00d0069e017eedd019c248e0c9daa592023.png,
6e004ef575b6f5cf0dca7b9aef78d044654a6136.png,
6e05a621b1f43aeccb1020d3f59588d9379172bb.png,
6e3217bfe258115c7ddcab8df5f1696faa135636.png,
6e36bf4a852cec90fd62bfa83c119250e340c2de.png,
6e3bc2a16b21c72812a2d52a642ffa94a4e39f0d.png,
6e46508db7112084b162219cff7399ea20c8b2c9.png,
6e466bdbf13f83a4948e75b245d6e6f353e4125b.png,
6e6b2c90d2e1c0631861d99ab3a84133097ad9a8.png,
6eff059f0460e94564afbd4029e2f60da1fa4e57.png,
6f3afd9c86505782f40c42fd2612f087fa76b52a.png,
6f78af995adf113da8819c3b5e4df6c1c88bfa82.png,
6f7d6f9a02f7e50bfe598e0d3b899a3fa05a8b44.png,
6fbbf7705d28424a4e0815b8198531d9856df1b8.png,
6fcb47db26ee3432d45b24760d9a0f890059447c.png,
7003d298f902d458c404ed86e45b7e273e19927c.png,
702fea4db363fa42432b6e1473d78150ac4add7e.png,
70304a2b0fe8ebc7d4398a18ac22df9cedcb4eee.png,
70342dc848a1cc29f7bf02caccf18b2bc299edbf.png,
70448f46b7c608bcb56cc2900c2ff06706c4e33a.png,
704c06c2344aa5c2ad937537fd9c4bea7f7a7bfd.png,
704e8c2063cce4559e77cc7367206922d045fd8e.png,
706d269baa8dabe80c7765ef810567497f521107.png,
7072004a7624f79e76057e30d67ff963842d0c4e.png,
7078e088b2119a6b57f7a67055f7dd628b7b92a1.png,
70803334c4ab66783858485eaa5b510038bf1cf2.png,
70cd1112e7ca06a9259e2856efa3575bfd0976ae.png,
70da9f54f3ff0f5e11a92027442fbb9fe4cf63ee.png,
71265a6e2a50af65bd4febce2eac3bfc279399a8.png,
715e157c058d6945a0d22f2e05cc69d43e59141a.png,
715e7813f7369d06b5dd8c6454d83bbcadd23cfc.png,
7178f0084632500564d82c4fb0a546e776bd9040.png,
72197b80902a47af7803767a585ffc274332ef0b.png,
723b9feb97863416913625bf1be62bfec3719c97.png,
724c693eada78d5a438746dc5d3cd078050bdde3.png,
727f31ef4bc969b494a93dd3ff98763660546bda.png,
729144fe47d795b637243f52021fdc0627dafc1c.png,
72a98c9951b195d3b088dd18d9c2758f5eb586ec.png,
72b415aa36942a5cf6643a18b13aee05b217401f.png,
72c5b7ae68813c28bfbe4cd3228ec0b0e37ac922.png,
72e9868c74c444053eb465b913f47b6bdaeb8960.png,
731af741d7ce368b2a33c348c19ba8b44c3268be.png,
733f5660f847ebaa0e5a827a77dad3a7a10e2224.png,
736e99eeededb6f3728cff7472180fd8958239bc.png,
739bbc5764744d1fa6118bdec61c6168f669fd87.png,
73b846691473ba228e82320fe882ad12646e9b46.png,
73b97ebc14f7bf86d5c441ce7ca74275d9ad150b.png,
73bd97b74b5ace7e5c4f94db7b27d3da859be798.png,
73da7e4ffab4b82372caa26723ad20ededc9271c.png,
73ea4cc3b143e44140b2f76e004700a9451660b2.png,
741440e493b7d6d9c2052d1c8835b0e62cbce7a6.png,
74749a0a328e625707758800a4d4f0dd5d7ffc1c.png,
7482747606d9cdd6caef3b6bf34a09369649e22d.png,
74a900790f16a73bd68903ae316f54e60b4d11d7.png,
74ac293f41ff21792d877c94f9c44dcddbea11bd.png,
74f30548d7356469b5005dbae1d5436ffbd1e573.png,
74f8076b61a1f09c4eb35eca95884906dc921965.png,
751121a841647649675818388c9fbe3a7c15e764.png,
751d79029c253fe25cb0dbaca406aff4af7b50cd.png,
7553c8e5547b8ce862048989a090365e1296303b.png,
7579c9099450544dacce881b360ad14f8a9f4411.png,
757dc48526c89891a42a8156a7fff24ed3a3959f.png,
758140370d2617c168efe5c2ca5c030f7fc1bfeb.png,
759893f8686e95db55d0e7d53514d36fbc6fefad.png,
75a001ced2135ac3c0250958aded7e974e50cdfa.png,
75b24c2927f24b2aad340aac1e22547b44f0197c.png,
75e04983af0a5308c99b52bb17cefced52e5e9e8.png,
764c9d47293fceb9449f0d5853bd86660ee0303f.png,
764f37dd97fb1ecc0afac37e7272e41352142d50.png,
767867f4b3ad001ccd993c1ddf55024ad045978d.png,
769835e814c29dc5d91ec8b18ab6ea098738c1ab.png,
76bc9a203b3d9dd9cd06e11f4787ec752de1580a.png,
76cb73657d3c3311224afbb87e1fa60a176cba7e.png,
76d6b6db6b15fbe5517d0b47aa6534fad1d5b36e.png,
76da1794f11f84434556031ed4d1d811070ea53a.png,
76df9c61b2f00f65a411731468004abcbd9929f5.png,
76ee1ddb7d8b0d8ccd9a546245e0cf934f0a4c41.png,
76fdf8018d9fcca24eade94ce276b53203d4530f.png,
771cdd4cc28a8ae85418cf3441ba91e474a4141f.png,
771e5a7fe8570c8a35a1b307425631899cc8d34a.png,
7721597448b0a2817a6afa3dbb971d9fd2efd745.png,
772aa1cfcabeddea537cb295f583d116ed750399.png,
773774226798faadef0405c145de179ca3836637.png,
7747110afd029df33514830def01a41974a702f1.png,
77720932242669d336a7e570d46d815482c69cd5.png,
777bb0b6c05816585c5ec3f3831363de8ff59b5c.png,
77984923362a919ee88c872fe463a7c5df5220ac.png,
77a23f478ba96c76cc65c625752aef1f3cc102d3.png,
77b0bc7206dc0ac625c065a30c47d3b4e3d6d8fb.png,
77d94611b9c7b7366aab181396201f594027bf6e.png,
77ef1c2b5c05202c144e9d1c9a9b24d9e8b6b2d7.png,
77efb0990bad852afd7c70769b1a138c3532e776.png,
784f781be77f28989f6a239555c5ee8f0d98b031.png,
78521fe1711b7d180b451e9f24f0a6c75470a9cd.png,
7857e152d5b311486a52f6f3f0ebbb7507d68146.png,
785c67efd644d6888fd8a0d28a2bb574ad36b879.png,
786302c9e5d5392ca0da4049b68ca86fe39aac65.png,
7876e5d134c530b9182ceaee7bd45b80b3f2ea0f.png,
78770b05d755c4653054ba05f2df39dba8edbab5.png,
78948fd9cb1fb068fb3fed96d07cafa4c18f3458.png,
78c16da784f818dafa5cea699d1de9f8d099881e.png,
78d4ccbaae385e7ea541dd8f3fc6ac4119c5cb00.png,
78eb27488815c2cf8202ae7abee3118a9a45b4b4.png,
790f604ce5c8c53f904c9af93d02d48958937ea3.png,
792b1b85817da7de9f48a00d9858b01e4cea2921.png,
7932528ea3abbd8452ccdb4ed84089e6eedaa0f1.png,
794ab9d49f85cbe1eeb7eca867520c9850b0cbdd.png,
7972c41cafc433bfc90bc7a1d98396b6b364d5df.png,
79a80501fc30f9f51b12f239d90e24177f1b4947.png,
79c56bc84bca17ed386ffba1cedc6dc318635405.png,
79d6a693b1c9149764b124c3dddd7bdb282c7dd8.png,
79deaa0dddc5605bd106e3875e8963f6d82f0065.png,
7a0b6770adc6e5812eda077b438abc5d3072bf17.png,
7a36eb57720d71c04a79b3ebf6f0552852febee4.png,
7a633b9e3e990d521d50150719f38b8bca732958.png,
7a6c359c82092272b87167130a66dc4e6f8e1668.png,
7a74356bd109040b88b96e828d2b668fc396e154.png,
7a749f836aa3a7d0d33554997e5519d1410aaa3c.png,
7a7efa2aa2d26f8c343068b3b63e794dc09774e6.png,
7a87a8565ae08a16202d7878d9bcc49cb198e721.png,
7a8e09de7b0dbef3a2b751936d6e12706148aec9.png,
7aeb1be556ebf485f55fa2c88f36741a4b0c7760.png,
7afcf4b4060d59c95682c5f0958ee658ff89b14c.png,
7b22ae6ed21aa64509c82c0d32ff2354014a0bc1.png,
7b575b2bbc70d469667f095ba4d9ec80a16f6ddd.png,
7b815908c80b986a1d20897484e4610274310370.png,
7bbe536a57c8c1a8348475e1f0a19e4341cf6b00.png,
7bdda2bf8bce3b704fec4c187ec2548ef844dfe2.png,
7bf6a0526609db2236a0a7658d53b49f9e68cfb0.png,
7bfbf3cea2a5d9e10ccbcc0d2c81533303d72fda.png,
7c1ad8a83b4ae7d305d8a5ce787cab5ba85aa645.png,
7c2b7b90f75cfbe3fac855fe1bd882c89fe30386.png,
7c37172416a80ff49a35ee9f81d895b262776e36.png,
7c554f0cc900ac475d6553d77b6024c0b842a271.png,
7c5a4d70f55d84be30872dd0638809099651d035.png,
7c73892a6d499c7a88af830b22ebf1db4dd56ad1.png,
7c876217bc0495780c77f1859a9dd06efa748705.png,
7c8b11338de14d86254eb900bf7932f679c587ef.png,
7c91a545d24472ad9b16ffece226d223a62bf425.png,
7ce6a163f8918781b27e6a6ae0abf93f9c2fc7cf.png,
7cee50f285e1e923639893dd2c1818c8c8a2b95b.png,
7cf78ce0a45e8a733ae3f72fe0fcd461842b4509.png,
7d06d7107adad054dd24e9af3791d9af1ba915c9.png,
7d94ad85aec4528ec0811dff0300517dc022d5a5.png,
7dc0b756f2edcb3d28da6840828345e5453acebd.png,
7dcff1b958833a5e6d566ce15aa7115a88aeaf48.png,
7e0a6d5401eb0239bc6de4e9ec0d1d586e08aab2.png,
7e292c99f01952a4d4f825eaa29c73a522044c91.png,
7e4e9e9c24b9f5f983f0817b4b6bdc2fe86a5117.png,
7e8a10afd4118ad7a6e4c625cf4b607a4a9c0657.png,
7ea9a902a73c34873d3d71e4133314686903f933.png,
7ec72eae732b06032133c0f2adc3805e80d4dd06.png,
7f1f71e521417c21fb3dce921c544018cb819cd4.png,
7f4d60632faef2afe1f60d6f454b26ff8a0e6573.png,
7f6a8ad3d4bb59993a3c278b56b05cfdb0432ca4.png,
7fa6c6a34aa76a9eef8c001db818df9d57182a60.png,
7fcdc1e1b2bfbab2fdb08d15c7b8cd62856aeeb2.png,
7fd1344d48af130aa7edc6a019dcaecbf9a9853e.png,
7fd3c67f92faac01b354671997290d7da9003ea5.png,
7fe252a81bd4a64f5683efa9a6cc4aab22e22299.png,
7ff1e1f53a64c9a0c5a2ea5d496606a2270faf07.png,
80312cf273a98c4cb62e6ae1acb5e2f9dc87f751.png,
8094452a665ba471cd7eb11ee896af8ade3c123f.png,
809564baa133712ccf50728787ec7fc9f33c1af8.png,
809f0067e4d16c72d1970b0c55c0bd5f5b1380f5.png,
80d6a8700483a1ba6a708b57d2d604350e85d66e.png,
80e0ba53a089e04eb79e1d729169f27045c68c7f.png,
80e2194fb03623a574b83d547f7bb30884185770.png,
81001ad0aad04af7aca0c96914e2cb6c1e81067b.png,
81442b9f2392875779c7c611797e0b6e947f7c06.png,
816b983401e5b0cd9111352768d21ae9cdfba539.png,
81b26e3f4379766c998ce3e815b00d9fd5b77f4e.png,
81c1fec848b9e7220363243243facaa2fa459d57.png,
81d1e2b772766eba88677f691b0534cfc3327b7d.png,
82041f0d7441df4cc91ede7bc39d7edb36e94dec.png,
8219304b9301117e6b4cb4b0dea106f3b90a32a0.png,
821eca066c0bf33d3801a9c1475c91982cc7307d.png,
822294ec40356330f6fa3ad9d82c8dd28c33c244.png,
822eb4295e91979f67bee203b3ff118cbdf9dfda.png,
82343c091d7d2ceebe6c48c92e12b56918c4f6a8.png,
828131d68e023c6f6d0ef50b3b4b404dc4bb58b9.png,
8284023885c6fb882a75f0c351bfe4285dc2a49f.png,
82912ac2534a78e0273bd9e28f62766cf3ce46ea.png,
83468ea9f21ba1492d3c1596a5813951860feb12.png,
834de22266e9c4372a85c09b90befa7750537bb7.png,
83578aa1dd2842464dc3b095318d5566fa0d228c.png,
83945542a2bf13b85192818be00a839bd260e504.png,
8396c271e66952a70cb203557c61ba6217a42ec9.png,
83cf8df9b74b96d9ef6737708d8d79705becc766.png,
83ebcc8ad37b29a910f6f5968796bd3ee392e849.png,
83fc7702a1e9693ee0c8a4f219d06d31fb6b2938.png,
8400e8bc952c2eb38c991d010d0aa5300927af2c.png,
84036501e55303e5fa19e6200979cb4303ca1cba.png,
842bb7c32d2f03a828244335fb205819f9eae00e.png,
843b7d67e4b40042e87ca1724c00fa7636a21b99.png,
84472e93f22c02594d31049480016700feda9f16.png,
845249f705b118dcc5247e5eab4473997bff53a2.png,
84591a795b40e80e9e0a7ee4d8d5332b5ea70369.png,
847aa8d639d7dc22cac773b6536d46766656efec.png,
84a5082ab5f129fad3466bfc4bcd33e618f99948.png,
84adc772ccecbd05a4b51f59f31764515402f92e.png,
84bc94a97861290854ff257262eb88017d2d3dbd.png,
84c2290248fa3b1890bc340439fd0c2113cb6dca.png,
84d6e8904755a49623f486663ae4e257dc0fd2ad.png,
84dc0b274adf10fe56d7ef01e23c2c08a8d8dcdc.png,
84e473049ea7d844f929f0959f5366a4d20ce2c5.png,
855233bb90a788bb30377ef7cf9028f2da7e736a.png,
86221cd9483fc3a9023878429f9aaececa94a480.png,
862247a0fc3a1bcbd510021ad0f46f37c689922c.png,
863ccbc370621a25f9493bf27fe704d175960ee5.png,
866cb2b91d04a637723114990db94f277125b82f.png,
8678a90ea9426169c3af7fb39985d3f963d0cb76.png,
8687190e1d5be7152f42a2edf44bf6d448a08ac0.png,
868ec6e1e9ecf8ca5915a0857bac9a46605df117.png,
86c5023d6da0656215958f35570ea29bfee79914.png,
86d875206f948ee7d1234849d34cc2797cc382f6.png,
8704b99024156c00d638df2109ac381fe5720c5e.png,
8705bf7852ab2ff8a3043edf6ff3c95bf55b9252.png,
871ce1de4b712d58796eec6ed33a34e5d2657777.png,
8724618e31a7b1b5ffeb0c1ba2266e302bdbfcb6.png,
875852cfef81d61151406d0a39f0ffbacdfcf021.png,
877949a93a28d6a53538fcf5d89582b55e632fc2.png,
87a1ba793127ad7c047b8cceaeea9ed1f977c3ed.png,
87aa39b58cbd5ba71dc15f30fb0959943fd7d5e4.png,
87b662773a6d8af792ed545b78f00bd7d0dd765b.png,
87ef70bce05dd1161a2c975db50f959328a60003.png,
8804b9a84da1a33c40cc873d9eca8c2f2c437b56.png,
8811a246cd52b9608d5925384b20094fe88965be.png,
8814b1840066c39c8d5d71b72e771d02e012a394.png,
881bd5c8676bfea2f1c210a36cecb1b7b8441e00.png,
881e827e76a54504b5109f13a42c2d390a45b662.png,
8855f523c2c62b66a1c69506b547b2e58b9fa8bd.png,
8866e1764d2fd138b7686db56d8ef845abe2c5c9.png,
887a95cdf0e5b9a5c854c5e647c2d7e9fdf26da6.png,
88919bb107cbaa640e4e3d389875bbd809b78c20.png,
88c9dd9544e099b118ef19121fe78bb8b651bd69.png,
88d4cee6dfe1265629d4f1adcd79fe2695bdc57f.png,
88ec8f07ae5da7e2808e6b19befb266d3a924e96.png,
8900d5d29d319eef760e80c5a0149112d1f99b3c.png,
891f0da0498ef81bb179a303fc9179cd25a0f146.png,
8926ef9bb1f5ecca45b835d021143bd3a6c43e1b.png,
896362c569121415c551ace29a60f8c29852d5ad.png,
89733ca828d50d7de918f4555819db4e08ec0876.png,
89766d3421997ca4cef9481b3190bfcc0e1696cf.png,
897bb9d9f6c5118f21ef1ec49d4a5d1b1590b58c.png,
89a7d5062039dc1b1eda706ac41495e3d64c04ba.png,
89aaa7b26ec0546baecf56c3c80ceffae5851d25.png,
89e0e02415712215b1f0350a111c22d8896528b1.png,
8a17c955ff187701779e1986477d281cc69ee395.png,
8a1c3057e9053cffc481227e44aaf657cbee037d.png,
8a32b0eb2ac9dffcad89b45c34e81b5adcc4f242.png,
8ab24c11d38cea2bc56ded52080c75b4eaee2a34.png,
8ac401fc9a351c3f3095cb3fc304d5823dd38f97.png,
8b2a07b45e4c3e482fbb0b751c5f275cfc6e998e.png,
8b2b39ff048561a0df6dabfa1a16abfb40dea028.png,
8b31b245cd70e055fc19312a1636fa09014f1153.png,
8b37445f655eff518fe9e8879d69b9f1a8abcd57.png,
8b443bae0ff465cb0dc11a614ba6c8f72d68a747.png,
8b9ba09cea3b3eac0c7dddb4fa8200c7aa1e91a3.png,
8bebda8bdc85da2d9caa27eca67dde97c294cdb3.png,
8beec43e7fb53f40044f0cb2ed0cc2240b8379c8.png,
8befcb9507b50b1c8263c5e8b244e76b5379d0cf.png,
8bfbeb34c71c980c19af5d3224420e1552652598.png,
8bff01fc80667a950843fc6b03e0aa13facfd47e.png,
8bff089136ccc2226746097a0cf356dc9d3221c8.png,
8c0933593880aae5dfd2dccb9c807b25a973f4dd.png,
8c1e987fe9f78748455dfb75e537aa9bf921c860.png,
8c6d84074a3ef7fc64b2cedacfcc99874470a1c7.png,
8c768da05199e6a16312eda679f882df00a9bf4d.png,
8c80fb3acc7069c5686dc5edf974ca9af46156bf.png,
8cd6013bdb4a0bdba0f1e7f22ece96d06dfc0501.png,
8cf23f7bc898dbe96882bac27592ba53390c482e.png,
8d5b8701e3b9cc20b2904900fca71dad9800ae35.png,
8d8d192a88f6958fdca9ec8e228a6e3e78a1739a.png,
8d8ec6f73390a473f8727dab18802851e695f43d.png,
8de56a54da6b1f7b3fd533435dd536aa181a5be5.png,
8e09fec1f28b97df62eb61a2df0c890b8b470cab.png,
8e12286a5d4f4a5adc9da39818fd4e950d0e2a08.png,
8e14fac4f7ce750d46ccfd1eaf3b8d57e5b59c5b.png,
8e64bd11fe26abcd4bdfa60f1623acd51defc805.png,
8e939e84835ce33a0d8c37b598a0d51791ee7198.png,
8ea6f66072eeed777bd95d3829a4ab2d91dcbe81.png,
8ea99208aed0a80e85fb7799d04ff59e27fa7e70.png,
8ec5bdd83552787c7bdf967b92d70a0e8fb546c4.png,
8ed097a9a47a9660fc6e31975c938170b6d46dac.png,
8ed4b3606993249f9f00d27e211a57168a11adfe.png,
8ef3b785983ee9e5a2e00a02d46c1d76d3388202.png,
8ef56dbe0da98fbb7334783483b863e15aff3144.png,
8f167754b26fbe3a0d3a078aa57dd14efa486f70.png,
8f2038378791544cb39e15d803d5fb8b938fa662.png,
8f3a996cd269f7125bb697d910a8fed87edde873.png,
8f893c221f32093076e558861b5c933d50fbda48.png,
8fa01044df36f74e3338aebef89245a9ad923d8e.png,
8fb54310d5a2be18444b44397b4433c634deb4ef.png,
8fd1640b295f40da411ca611a924765ce07c6fcf.png,
8fee8e5bf6e9bf75d8d7ec9d08a5398270894725.png,
8fefe9a30ab6f4eed6bc2f0eb9e8db511163c847.png,
8ff4e301e45286d1ce3bff9ad6f41671d101c141.png,
901494164e12a4256f4ff32d8e0bcbaeb119ba21.png,
903c47bf3cd527dd54d57729ebc8a8a760f54401.png,
904ca0b20ec09d77a2f0144b5ea2e8342c8afd9d.png,
90546356e19ea1fb75397bee8e1ee3fbf640e447.png,
9096542efc1033ec12cdbcffc2f8cdb88acc8dcb.png,
90a6fed6aec08ec7a5851eb2a27ea9fdbec235a4.png,
90b3cb10624d9cebb2223763cf181fc657e795f2.png,
90ffc9683b541211c1bcee1b53642d590f6650ee.png,
9108fa7ce8ba500db44577433ccd6077156cde93.png,
91344412675446df6f1abe3c8b4724ca1f423d99.png,
913c55fb02572c1a3316bf67bc8781258fb4f890.png,
91606ca80811807251e5a3be3bed5bad1438a6d4.png,
916cdcb6afac3d9d00459e92524ff2046dfa7de3.png,
91c57ea1ab51e1938b840182fc38fb053436c01e.png,
91f7f66297dc96eb90bd7172fe548b97b3316b2a.png,
920418a6a11c3d3ee1a26bf853526b5537b5c24e.png,
923b734511dcd103407d15ce7cade98571b711d6.png,
9280ae386d6f2ce12ae6ccdbfad1fbd009ea18f1.png,
929cc6b04357af8f91992db1de91724ba9e17095.png,
92a1b33ab15bd2a9b7e22a4aa84a4407ca9a9729.png,
92affdd7a9f00f863812985634d24b07047deae2.png,
92b502d44c856275a53161fab21d4c8652faeccf.png,
92ba541fa3912a8764b82269fa8a8dde4fa5dd6c.png,
930dd92f774c00581e5155938e588d7473e3df37.png,
9330f42059ca82f50e74eb446c14f7ee7066a39f.png,
93317dc15549e33d9de803b1e24df5374fde4233.png,
933ba75e05b4eaa1ded823d9a6a898f08d80c035.png,
934c695faa1b9ec4ad316291303cbaf6b48680b2.png,
93597859d1a3fa3b8fb222361f9c7aafb749208b.png,
93b766bb52717640b59d561209441a2b61d93707.png,
93b7f9c304eb5ed130cc11b0cf25156c2b0616fd.png,
93c742202ccc302dd86a78055f4d9dac3bdccf1e.png,
947fcfe2df2d8fd2746041eef4d4f801a84dfaa4.png,
94b016d9645575718cd74056be2ba7b35dea8d75.png,
94bf77cb0333e5406a061f758ef67fd68c7b29c0.png,
950a47fc737c851407d1aa13062300688126b78c.png,
952f3fb9a5185d24d5df9b240b7f85dab494d847.png,
956cc92087514cc44d3dae53f34536b7aedea6e0.png,
959ce1c9b585a2054b9c039a2f030d679a91d225.png,
959f20cd8034890d914f723b5024fa0fb3ca34fe.png,
95a8e5b650fd3d94e47ecc46e9316142378a8568.png,
95ce554db7696b23209d5dab5af132f87c8ce364.png,
95da2c4d458b0aed42db813001dda18fdf0aa60a.png,
963ef71de54958dd5ae284bdd3aaf1ad0b7ef0f5.png,
9642a0c4d2d677fcf3d5e2614542d40a80aa53e2.png,
9646a6db227d40c8d0687e4a90a38e44f77a54bb.png,
96779e9d11be576bce85c5066a4e2e46d65b2679.png,
96966cf1fb2ba9215c08bc84eae477b6f25baa1d.png,
96ac215ec25c472a9f3e67766f9f3b0b0ea1e853.png,
96c6999c65074f1e1b38e0e3482d80cbab95fafe.png,
96d51ab166b804e6c70cddd8d19dabb3cb2361fc.png,
96dad3e5e5af7abd0d8c4c1806f7df7d0e5dae5b.png,
96ded6f0c6a74f0d7b9ef2098d482366c9185ee3.png,
96ee0fcd9fe6888c5a355be96f38d5486d60072a.png,
96ff179984471b1751a68beff6b2c6e09c74b84e.png,
9711d4bc77c347263e644ab1659d0038d6136ba8.png,
972b91100a4ae2f519aab5145498d624dd9d4e77.png,
9782201eed49352c15cd2d0465f8e9e2c15575ce.png,
97a05018894c3ad745f3735a24b748fbf092c7f6.png,
97b940cacf33771abd28f00f3dacb6d06613b19f.png,
9807d85cc7975a56009719d6475a12568b8d362a.png,
981d5c5b5155799b865af0e77b3882ad14b3e84f.png,
9833c4411e12d7dbbec80abd7a50e29b427d5801.png,
985ae47e4a170baa166af83b9015aa3c91aef4a7.png,
988e07256300ec3fad3750272f92e384ba001af9.png,
989a5ef97265f91cefa1582afba9fa3fd90c558a.png,
98c3a8db680ce5cff34a4ef4647ec18fa6beda42.png,
98d1f63cdf323cd04a95ec4c840794d25f5f193a.png,
98f4f43a78083dcf5439452c03269870e4118db9.png,
994e0785153cb3b4c0abcf089fad31dec86f3981.png,
99c597b69e9ad0a7fc5a6c04a7f215090224824c.png,
9a293e74f7a67061054c5554b53d9977cdbd30d2.png,
9a4004cf4c49242ec1e6f6cf1f3e8c86202e0715.png,
9a41e4a794859972a95c1bf2f8a4fb1a0defa129.png,
9a43ec4b5542094d87ba1c87074f72c6171e0a25.png,
9a6bf73fce3b0c2250bf76a83b758b9d110775b0.png,
9a7fe654f11c6f3d72bb8d8f58d8615bed86772f.png,
9a8de45429db3dcc6ab6e8eaa16bf6011f099035.png,
9a9e924266207548ce0fb03860817bdecca7e2c8.png,
9abc4b2b0c994f246f128581db899dbf28e65d4b.png,
9af60b4e682123ad05e8e8dd09448ec758dee8d7.png,
9af711d1108c11e2febe9a97ef74a9700e69caf9.png,
9b00a49e212031c0a10182cb0346a01d3336957a.png,
9b0dd3bc36fa7847c30552a96bd632bbc98139ba.png,
9b31f24bcc1bdb8120f6dba01acff4ecdfbd8fcd.png,
9b3def4c96d6c3e85d0fb8980b5ae6de6a71f672.png,
9b65690b72c019bd2c7e5e50097d1880bc570f75.png,
9b6b4c45ccaadfefc18a5db8424fe5b8c5b37e28.png,
9c0159ec4777a52446b0797abaa5426cdec9f727.png,
9c016d2c9a25a34ddf860397219363084f0f1d54.png,
9c2ecdd0af4b423440ba2a8e5a179bf7779247bc.png,
9c40ab77adafe2d98cc71b0f52d2e6755c2effbd.png,
9c4c43aa44fdfa306b1ef9e851f15e7e86f91be7.png,
9c860ac613d8a082d8e26ddcbc3d5703f44bf98c.png,
9c9c4c3f37e25bd42e9f37d6192783f42bb4f539.png,
9cbd157eceda82d37f234dcac7911880558151ab.png,
9cce075518b75616edf748345bb9212929ac29a6.png,
9ccf683c5ecf66fb6aa805d2a1a35c8f87aba26c.png,
9d19e1be1f4c7e0a4066ff1a92daa91aafa3db74.png,
9d21a3fb971da2f08556c941c6e94a6599e8f98e.png,
9d25876ee634ca43f9d85d28572764ba4d521ca2.png,
9d2ab055b4df6f83af70ffb7d6b57e87c223575c.png,
9d3465fc3246829488f24b04d625d9956d12d615.png,
9d5c9d9c8f4202ef19fc835e50a79f073af87d15.png,
9d6afafbb9ce3948b9e919614fa20cd9c1a1b70c.png,
9db4167b6820b791a006f63fd9d5ce353ba58633.png,
9db5ea5241deafd2fc29aee5b7e8e6abd0a6b175.png,
9db6159686839f7d749c2286e4cb830fb0f38c25.png,
9dbdd900d889793b8a2f4ea6008d3e2894ac6cdd.png,
9dc9232958762f81d389ccd031f14a655b9794c9.png,
9dd0b97493724127f8f0648485afa67b92e3028f.png,
9df273b5b4e10df59b12a3da7602a6625109f88e.png,
9e476701835f45e269782d22ad142d280f302abc.png,
9e5b5d500ec00f106252be200801bc0cb936ba18.png,
9e96660f0e531f4e53ea5068a980504387a76e12.png,
9e9c9c363c11699ea5bb85f3fd8a484c4b4ee6fc.png,
9ebc227a51a0e9a2be249fdfb55758a60b113306.png,
9f0207697e709ce6b11e67bb9c8c604e3c250cb3.png,
9f541a7f884705cf0a378613ebe3434182aec82a.png,
9f85a3a0859a0cc844ed744dfcf4b4aab79e341a.png,
9f8969a2e718cb29ebda59b6acafad45761f2d86.png,
9f940d0bef6697fe63c287433b92e3f90023f3bc.png,
9f9ff566855dcf49fa204114754ecf214f8d1ee4.png,
9fb1a8a05bebebf6f2b30e9cac711644d4fff2ce.png,
9fbcd980d73606b2840cf007c91dade5860f0c88.png,
9fd3e8e66ed48c9404808baa61c63d332571c248.png,
9fe82c04f6a47ec7f58d2038dd034206e5a39dcd.png,
9fe83994ea644b5ec3c4b978603029e74256c895.png,
9ff01108092b10cbd7c35208b89d961621b4d9ae.png,
a0029548f7fa021e2c07fe2dad6e9ed331943cc3.png,
a011b2ac63e60a2d7c7f54b4a90ff0432e642abd.png,
a011e0ca4c23d516acf9b212ec6b864b8c216d5e.png,
a03de4989a03f0e07e772db4e3cc9384a88bbbea.png,
a0471415ecfca98133d792774f5a89e03fa16cd8.png,
a0647b459e3a019337171442fc6d2238f52e86c1.png,
a0ada816a8599400ea9e7150b4766a143cfc0202.png,
a0ade97c71345d8f3c2693b8039bb174800d4691.png,
a0cce41608cc084b2bd2065d7cdd8cdf801e054f.png,
a0ccf11519e6825befff83ce3c3f6fbca2f916d9.png,
a0fa2b19b8819d0d7bccdb1ed26c627ac73d10a5.png,
a135612b073ee82084bd43067fbffbe38a473303.png,
a17f8bc42bff23b696c59cfcf3ae550fe8df67a5.png,
a18bb1818aa780855b14797a176a5378d563f641.png,
a1e8a4d6cc9a25d55e3c5eec3824f801c343955e.png,
a217eda164ce30eab75e8688cee902a758ffdff0.png,
a262f6562ee41000046277c6fa66807b27c223ec.png,
a2682920355c7c20e04730104f65e3cac7efc790.png,
a269aa29c08671e3d33b1bd7e347b5f7d5cc03d1.png,
a29384e78172b1267db82d5b53252c65cf0529dc.png,
a2b6a4c5963bfa75e5a1db82f606b5df2645ec1d.png,
a2c8845ad5a9c60cdcdd9a5149d7392c8ee1906e.png,
a2d47343c2cb174c0e071335115b40a8bf0ac5e5.png,
a2d9dc86cb7546f3e9da61c0e2a7b739ab4a0de5.png,
a3111eb0b7da38530f1bda1a33fe5e6e09636c08.png,
a32e898b96ae9da3886ad8e8caf92f1af4dcca1d.png,
a344bacdfa5f6e81310479974ed310856080e6dc.png,
a346ff280a7dc8323b81593e808dd7c3f0d9204a.png,
a375b7b81154fd3ae584efd24e30dafd225938bb.png,
a38c156fc7c1d05b2985cc48c7293b32df13e5fa.png,
a3b1a0e204a0974151beb8fdee7d1c82949f564d.png,
a40ee7e5acf86f5f85a6d97f2e843846f980a691.png,
a40ef538603ccf54db30b18e5b98f730029a6061.png,
a444ed08c4b807e243db5e4c85194b7e665befdc.png,
a45465b993cfec834b7486f3055de0dbf31bd47c.png,
a458fb18be80907be256f9a7fd6e715652d7e0ca.png,
a4751621cd08a3ca38e00b317ad4bcb568fa43be.png,
a4924811ed1e6491e78234446e283ab738da25e9.png,
a49a96db600f3b915c5a0c3591a6275234f2a70b.png,
a4a198bb2aa88086205e77cf3baa885bc0fdb32c.png,
a4c4b8e08a79810d9c229961604fc6706f68d4bf.png,
a4fa1f4b47d8a66f28a104a5380c23a81316e61b.png,
a50c9f5025b014701da48d7ef8656d43ce05b7d3.png,
a52d707b30dbf457cb2036387ae1143b574a9e6c.png,
a5389d2ca2dd5cadd36def93f83f110cfed62c29.png,
a559c6fc3b8d6edcba0a0959fe40fd5010ff96f4.png,
a56c4860f7e474b2522a9864d21fecebb9320b12.png,
a5ceea9c110135c2c2827c25acbd5c3239141b8c.png,
a5e51663632082ac5fdffe3e16e4ca0002ab8bf6.png,
a61f0ba1bb12cc4a124f72f8b476f395abbe0d76.png,
a62fb08cb056172722bb235aa4745944a5a60855.png,
a66e29c6b23dfac74696a4552f0adbcc9040efdc.png,
a683fe95535a70ab4d0d3d338000d55bd2a1843e.png,
a68b36f3b73879bcb29a71d66cbecb8863c8af47.png,
a69dce922ec0de5a72460cf8b39209dc3647fca6.png,
a6a9591786ba88c89bbc25a85d869acb3362ff8e.png,
a6fa7d63865367f17ec35384342adf28c279fa56.png,
a7330d80281fa240bbd5b611a9f37dbcd349aa72.png,
a74516ab2cd723782596fab5eaeed03774e76ceb.png,
a767ac8b6dab751fbe4851f38ebb26ae490ce637.png,
a79981a16236eefd989e62ec28b4b8fe8fa79769.png,
a7b8d40f7a853fae61704a53b6c1f741f78d7900.png,
a7e9717a80d5c14638abf586ca2e7800c5f6878d.png,
a80cf6a20719b646c4fd874aa9430c8c16e6c47c.png,
a84f2d1e13043dda02671dd24f3ff148e37b8fa0.png,
a858d76f2e07233573b425a9893ffb7760061681.png,
a899d024ed1bdc53df4761d5920e9793b790b879.png,
a8b016bf95ed0dc82b318608b4cea595d2f01d73.png,
a8b4b853653cbe5eef6bb18fdd9362a260611b7a.png,
a8c9c2eaa03c21fff04d9d7febc727861cc7a0e2.png,
a8ce4459dcb9925c9d5966ec6e613a64d7041e3a.png,
a8d5a22b5e737af2471e1f96dd66e33b625602a5.png,
a91a144af9080d56d8582762151a4840c01a6656.png,
a99f4032f4570dd25a7e1fc0c7094890bc4ce4eb.png,
a9b41442a46a3f6e09ff459a70e83753330f5917.png,
aa36b0ade393c0036bb9eb71a553943ad9bed9c4.png,
aa6abd25f35b1f7764380e7ae8b1ca4f09fdbc16.png,
aa8332b926f8d8d0375d55295382014927d88775.png,
aaab40fee73251316d9c7577145a8e38ccf82810.png,
aaabf8dfb3dfec4f6f16ba7385607ab49ba32de6.png,
ab0b2507813212734ddd4133858c94002cf934d1.png,
ab411bc341d109090a5e66b7563a3ee6d8f56bcf.png,
ab6b593e8114ae84859d4f84659d5bafb064ee68.png,
ab758115a2904277d1498d4bad8f290317f9e617.png,
ab95f9797c42b853397630e61521fa793a08ac6a.png,
abb03e58cbe0bdb33bcabf840cf566042fa059bb.png,
abc63fb0eecc4e1ac12fd19b77e5116818efb2ac.png,
abe3275df829233bfa4151a0ae365803d39bdf3b.png,
abe33538460a249754c82b5fddaf5dd283ff6814.png,
ac0fd4a115ddca100e003b60f6977dbd5fe724da.png,
ac17e97097a448fef58cbd1d96d3afbf0f8187ac.png,
ac442093d3654a3481311dee6607ae1d17a85f87.png,
ac7cc0656ece6d7bb8e4f10d5c5da3854638c54b.png,
ac7f3b857e0995958ef53356dd318280c52dfb62.png,
ac8f8ce1299ce79007d5acdd53bd36930640af5b.png,
acb0fcace542f4fc737d81ef0d86d872c0fa07e1.png,
acb8cd292bbe677a12a57ec7ca524961045f0cfb.png,
acc157a9464c5deb57c1f04973e408ba5ea7fb53.png,
acf4e06663750ad3f26faaa9b833bc8aacb309c4.png,
ad1add30a8fffc2a17452e91ef7f731616f19f5a.png,
ad35f36fcb925e3b35926519c31c6fa3975d1f1d.png,
ad80ece5586c8f9c7226bb382794e9955291b765.png,
adcd2a4349c56d15285cf4a850f8405bb3b5ade0.png,
addfde32709a1a8088ea51bcb3f80e10e8c580e0.png,
adf73828564331baa396b79253694990dae37b49.png,
ae2397e619f4427c1143a2c07544b6a702dc807c.png,
ae24f48fa4e51a9a4a62218ccc18485ceec82e1e.png,
ae26e9609fc34a87e9f0ffe37c1e722c432d0eaf.png,
ae6ee101bb3ef75154c1c4fd5009439ee3bdb6f2.png,
aeac334cdf2b0c855c71137b888368cfdbd62571.png,
aec1939d5d185dcc8977a0f14c648d405cc74b12.png,
aefe466a9b40f3065957c5451ebe0785eb4fb747.png,
af12825065a9490600a6dcf35c6ae7838b663ef6.png,
af50f654072df8c855e1f68a9ec2917a05a56e7c.png,
af88f1b4046098d59fe47eb8ec75c72c1728d502.png,
afa7d787bbb24f7dcedf4636b772e67e837645dc.png,
afb25b60b69c5ca487a104643ead88dbee9590b1.png,
afd9573236e76cb272186abc0f95255fcf296aa8.png,
b0176722da41e8e84dc853df3fb2c7bc4a47e244.png,
b02398691af183175b4333ba7b4e5f8241287b97.png,
b0308264894519768835d21442a83824e0a6bd26.png,
b031b3c23fca649837b3d9a232ddb14dbafac5b8.png,
b03fa4d8c9e875e9f4d3f05b2e79546af022a9ee.png,
b051de29115a0c0e9e4a460d1a405ba7e2f13477.png,
b06e5cd7935cf8078eb70b6ce99f847807444f2a.png,
b086be86f8e022432b453e98ff00fe2f28c5b318.png,
b0a5d90648299b4741e672febbeb561486937216.png,
b0ec229d6ca3cd3ff123ef388023ba8ea9c3e279.png,
b11b417694c9f4690284dd899a5598afbf8d9d40.png,
b1842e4fc5e3326554a476d3b7e84edb0b0b03e4.png,
b198899c4d2ff759953e6cd60efcbec3895ea8b9.png,
b1f00090afb621f2ac32892cbb8594c4db33cb6e.png,
b22ede7f75f6c36ecfa1d2e868c0cd309656071d.png,
b258dc94a0f6a203067fd1783f0d3ad7aa810b1b.png,
b2830286e24b6c711cc1f00092741d8b1c2b36cd.png,
b29df631b06a390cb2d52e8214f2e6d7c56e8c57.png,
b2a7fe62d29fc77eb30174a9ff6b576d84f100b1.png,
b2bfe57f77b8616995dc0e470393539373e60342.png,
b2dcdbfd4b087e8c725cdad0b7b6223a77d0e7ac.png,
b3173df3552fcf4db2bb9c241011075de072a6cc.png,
b3539db7f454eb4d077005c934e037bf3d7be6ef.png,
b37445d61ed9e321e03098585c2821f7d273cc30.png,
b38cf6d83d61cc07cba811d9b323d13f62cf0cee.png,
b3bcca17f966f7f42f4d187395d9ec5b075e46ab.png,
b3ca8d26c88e4816490fa8124a848cf5ddd14af6.png,
b3d67f757d9113c754e19542992fc754b9d0073b.png,
b422f3e7e3641b22a5bb97dcb31fefd501fbcda9.png,
b43fd8d8ee4909c668037fe5b2bcd6b8e4bc70d6.png,
b4a08702fef93124eeba1c5efee12ffe0e836a8d.png,
b4a943422ff43324782cb01c394a20df69e23fc8.png,
b4b17c4f990953cf3720a1055e883fc23eb70d61.png,
b4b2641b904de6fea52ff18953e95f24e0ce61d0.png,
b4bc65a4f692a74958a5b9e360ce6b0ac327171c.png,
b5042908dee9d2feadd4d2abb72893e31397c1bd.png,
b550bd016878ea87253099d5496d41424134d04d.png,
b55c63eab98c285fc9454e0f1fea3c81d0439719.png,
b578be7b1aef6d62e9fee0bdfe6d3b7200a66463.png,
b587d7e689eac7c728fa61580f5df2f8b8ed3962.png,
b5bf763a139929a93e7f9591b34b19e1e9ed571e.png,
b5c11709f835bfce469b2e770b9dd433020999c4.png,
b5f8559d63105ecc08f63faaca1e2e54dfb68630.png,
b614d71e0ecca63879d8346de0383d34737cd4bb.png,
b625e3fbdc80cade8379a4cccfcbe87f6b0cbe87.png,
b6348d9c5e2588613a7311c68600440d324d4315.png,
b675f82b0667565795ffa0f6b74736d74c9e4f98.png,
b6d3b067fb517624c93f2a518f16e9cbcdc38d37.png,
b6d8df4b1dd21b955d9c67dc7fa9dec5066a625e.png,
b6ddec4a4bc00f7b52e9665141c69c506b6a564f.png,
b7075dce05d4eeb8a4389c03e829bbd1e0ddcafc.png,
b73757ac59c98ad92188a8d16e5657213d1490b5.png,
b74d6cb3e1bd7610f0d239f74a7be4156b8d6c8b.png,
b75284f9b874353521691609536d25d910643b9a.png,
b762ab0526e438c38e72b09ae999968bd327e6cc.png,
b77df088a3b14e00fcec60f37a471136ea6960a4.png,
b782919e6454d8be97a3f42727e7db7b1fd42b7d.png,
b79a24183dfa31466270b46a446bbdc88b4964d0.png,
b7b5b8a4f7d8627b22647e19889037203b8410ae.png,
b7df53accf11a17f877dceaff8d5b03a7755aef7.png,
b7eaf2934b4acfdcc764de428905cf65d013a828.png,
b7f73559e20e97a2869b5f84f8db8f460ce1c0ce.png,
b7fabe267cbae8b834c7f0153d27d1958aded1e6.png,
b80843243e581cb3df233c9777939b232c97ce26.png,
b81fe65f028710a6b2afa33cc7ebfb6b28eca6e3.png,
b8ac1ffbaddf3af463e83c85642cb2cf7bf3b1c8.png,
b91a45ef7024bfd4b0e5d2f1a0ec92a04fb46778.png,
b955af875be74ff013d75803086b6ca25478653f.png,
b96bc7d195b5f51fe0d3814006745ccaf8728336.png,
b974c5fa420f0bcebe979dbf07942e395fb2e531.png,
b9876da9cafde58a1b2186ff65d08b04e3b9e3f6.png,
b98e119526bcd55fc68020dac21cc8c00d046376.png,
b9cc32c85f83760564277db116fcdab8048b49e9.png,
b9de59167fce1d49aef1581c619d60705916c5fa.png,
b9ea2880b24332fb801f2e43b9ee40120de42852.png,
ba208c9375ea9855a7b7780a0d5af59ead08b6f7.png,
ba3b3edb2c3036bd6707b2ac2d430b521f306ec9.png,
ba5dac2774abbf1814f805a0cb480d4a535dea4d.png,
ba72fb4da5880b2474df42fa6bf4dd6c5f9d0d34.png,
ba9d986ab92fc9b51274ab21170a899101eca40b.png,
bab0d3e4ea703d41aa5ce358f71bb4d6234f9f67.png,
baccb9302ffd82d216a7c3096e1561487b4d5f69.png,
bad08914dba8e2b5c3e6d1934e2052ef0a1aaae7.png,
bad60109953bc7d5ea1fc6a3844b6b76f566d477.png,
bae0d998bfdf939851c403d8d71ac8a5366cacdb.png,
bafba6e54f6b94406b45ba0950ab58842c4dd850.png,
bafdb2d846a1dd5af387e2df04476a7f5fbe0aa9.png,
bb07b1b6bfb6d4be41c961799165fe4dd803d358.png,
bb1014d6eaaaa9d0c42e98e2d1237c216c60eac9.png,
bb4b9d25fda4efec09c94e6f56c41276cb7e6405.png,
bb72ae61f47923a3c4224dbd7ce4785f6e477647.png,
bb91876a4aacd78dee17bc7688c10d4cdd5cde60.png,
bc0a91e4e2bbd0528bd5a0d28fd7df3d0f8d64a5.png,
bc26574174f6ee1abf41f179ce5bfc1879d94215.png,
bc282cf48196efa2e39ac07f998557ba81c4a00e.png,
bc7bbce1850df338ff8dd9db07052b4ed81ac67b.png,
bcc6d09a910b6437f0b36b77b2254f6e50065834.png,
bcdccbe4ace7ea3c1a7d7dc9c9176041d8679076.png,
bd1efee9947b0f2cd4b763657826082ab0a533a5.png,
bd1f4db4ed89fa69eba42f5e5f03fb8086e38c70.png,
bdf7b96dcd35bce0f4c173b7e45ecde595435fa7.png,
bdfd02dcec2522109f9b05ea8c14b4224cb0e0a6.png,
be1f3004a39a0f284adff3e33946a5f9e3763512.png,
be242081cce444d4229122e8146a75510385d883.png,
be6699146b34625594f653e49971c48696fa8f99.png,
be6bedb139ea1e79239a0e780607afd7331bd970.png,
be73a5a1b88864a4d068b562495ac66212a95c9e.png,
be78575b2d5d8b8695774534c354c8a4c636fbc7.png,
be890a3025da105c6d9d75c10cacfd685e6fc83a.png,
bea9ff969261d7aba1917aa05bbd139a3399c7d0.png,
bec7c14bf99c6a553a169618a2849ac5bfdb47e9.png,
bedb57ccfdcd6042ebaadee3b9c83ce851fed0d3.png,
befed7053bc3f493c99b07bde0a6d79043408f0e.png,
bf568e96c950588b9b28ee11322a56e49b82a004.png,
bf5cf53b20ab4d562ff25ad5b8119aa1c34ec332.png,
bf6d265b1ea43e435723b2bdd1fe5323f9ac2f02.png,
bf6d5c74a61aab4f4aeb05489eab0c6035490738.png,
bfad4937abf757197e275ab280de5a002dfe0ed5.png,
bfc736a47bfef622a40c3edb3e782dc653ffa341.png,
bfe3be2b071b8f29397d44dce1794ef516e9f1cf.png,
c0288822e06be1e18621f00f5c7e19506be0cb0b.png,
c02d58d7990f4b74d4eb0ef51dca19a9256a8b8d.png,
c034cdf2e0bb375fa1c8643a891bba5c23d81b89.png,
c0424bd8a9d11f4daa19e628795922b37243afe7.png,
c08d032c9c8c517e64733684315b3681501b7555.png,
c09d064d2fad3473e6b047ed76416ed87ec3013a.png,
c0c8d7188c4375838bbf65d848252a198ed6d097.png,
c0d896986663b683069b553dd575f688bfa1e2ec.png,
c0f8fb064975d85af6af27fb21642690c296336f.png,
c0fc717e1073899c4235134234f719d8ac599a60.png,
c0ff080d2908eeb13cb4502141537a8dde82da2b.png,
c11271853d85f747ed526a3e1afd6ef4117a5d08.png,
c1191fd3dba4e0d928e753a2f3a3dd92dcf0e228.png,
c12d8476d1ce2489db5514d22def118a9ba6fc16.png,
c14681c3f304f95e8fec26c65e2f992b00e93610.png,
c1597d7526e09580bfb774ae70468650f5258646.png,
c17400746013365d6ed805eae5309d5312e6c9bd.png,
c1c834c7a9399f8060e5e43d617c9136b0fc39b0.png,
c1d3451bd890fcdba3303f02b380880520d1092f.png,
c1f6d5724456016b3db1d969bb04551f5dec4f4c.png,
c200cef86cd80394173f95f505808a1643299c00.png,
c21c83e46b3768de44d5ba001a92ce64107bb726.png,
c280c283bbf9c6eb3a0bd2c33534cda843511874.png,
c2a2602d3e9f438f9e0dc425c0ac10f4e24470ff.png,
c2a59c221d27a0324661dbf440b23c1444e07a25.png,
c2a7462668e7710f0c9972c2a4560afe940b4b8e.png,
c2b4c22f0bb6f33a9d99672b0743d04cc7161d4b.png,
c2c772b68a521626a74e207a5b14dec88cf93e07.png,
c2d8cfa4822c2873173b51995a4c8b2525d91fab.png,
c31e5a36d0f5ba904e9fb424edc185b1cb36617d.png,
c33e83487a64c85e9fa93896e75c469c7fef5421.png,
c36b67bf619b79e19a638772fa5c735b3d5bf17f.png,
c389986753a289f63607f06121fa5d470a21fcc3.png,
c3e82dc7ab481f323fa00791fc822a94f39becbf.png,
c3f156fcb15afd48e281115679a509e94100181f.png,
c405b66de90245bc840147e8b66bc7e9db328b96.png,
c43705ebe29130b92c02e6172eed78cc7e31e963.png,
c43e55640f53d3f99459ba3114c739c5d3479649.png,
c4c19e3d7e7acc743ff6b8e70560367fb6359580.png,
c55b3d82b7783da57343182e13bdf21ce745d64f.png,
c57ca77aae120933d3254acd4c9054b6a82c8bbd.png,
c58e38ec51fe0ea40539ec96ca513efeac52d163.png,
c5a928c4510432969c6ccfa904448c90059024bf.png,
c5c27348a235f7f1eb0d96e0d1a2e53a6fe33e94.png,
c5f08861c361c67bce86c4b255e4fe7973be933b.png,
c63cf628bd9a2fa4d867f0a8419d7e16305ec3a7.png,
c653aeee87302394168d3aeb3c5f7b628c8b11f6.png,
c6cc3a37b9990650429c506c6f01c091734597fc.png,
c6efddc6a88ce8aa79e1922a2f54851e030c8ca3.png,
c7044aab1c16b2c26fd47469a1642f7c687d2439.png,
c73fa42686cf5b3185fc1f5efd70555f21238ca7.png,
c75a9fa0dec20c94958111e387e0526869866f43.png,
c7f2f14c7243249e2550fb4a204507e1be3af11b.png,
c7f42a2b64b9508dd1e9404ff36ac8d716ffa1bd.png,
c843e41e8519c4cdece1c067882d63e53b28adb9.png,
c8c7d1a0800617b18450d4a65d40ab879a4bf415.png,
c8d989cfc299338e3b010cc4d821c52ec12ce2c9.png,
c93ec4443c078960059c055ed3fbaf914a376c5f.png,
c93ee724c0c2cc2596118f1d12b732ff6a5bc73c.png,
c9472a4eed626a2448b3bdec1eb22a8e5fa469e6.png,
c96c38ff0f264c9475ac12f517e5a54e167f6fd0.png,
c97f0e922072285f6b119f3658646b33b18c8251.png,
c9834343478a38b5f8ec7aaad052f51a4887b4b0.png,
c985526cf482d62d8cb576f46b76d0f2b4f03385.png,
c98f14101ecf990e8b4f0cf183a80c9037c9d578.png,
c98f4b35c681325bee833cb4eb5add8fda5802bd.png,
c99656a95e631e0ad55f9c1ab7ffe1f16b8fa32a.png,
c99e844b4b83991c707ce9bd67cb7f3956e7d2f4.png,
c9af49f55356fc49019b60b1af202bdfdaace61b.png,
c9b9953041642b9f9f543efab572bc983fb536e4.png,
c9f820a0238cd1be286bf20632519ce055ee716f.png,
ca177165a19e7a8c7b2d73cb93572fd26d3af73b.png,
ca73143fbb23e291706f4f523606b0dfb119f16f.png,
caa36abe7a68d35226675cf12c1480c0d1d22a9e.png,
caa6299ec2d02a28f7868a7de0f5af60a0908406.png,
caa81b02db516c9e8c930910a33bd42d359ec590.png,
cae05c4e35b250054f6fda9948d3fa20ff5b9928.png,
cb1394a0a74e72520899a8cbf94a860634fd947f.png,
cb42bb854092acdd67a95f8d890b81d5eda7ad2e.png,
cb6c529bdb91ab8f38d8bb0473457b61183404e0.png,
cb6c75fafe758ebe9bf66a68287cc98835c90861.png,
cba73c6a986eac91e9124dbd671b434923344ff6.png,
cbab16a9328dd8b9224a592e6b432616354cba8b.png,
cbb1421582976cb811e9786323bdf33531c8fc6a.png,
cbca625b8d9041076904ceed9cd81b16086d9a81.png,
cc0be08935ef0687d7681bb5c679ab932576d214.png,
cc58fbaf71a18861157f7f5cc1a689537da57fca.png,
cc7661f5577b5c193d23826aa0e7249eb4a9790d.png,
cc8d3f71a5dd9204fda014456d492015ddb5103a.png,
cc904f4d84688e4b72b6fd38e9216affb4831714.png,
ccbe9f073945be5ede75d995b57ba9a407097c24.png,
cccce969d67bb1f850ce8d22a86dc2a06c88c5a8.png,
cd1e2bfee721255c9add2229ece758e3caf0a766.png,
cd2138a5cf775e5057b658d70ed34e9ca525c5f7.png,
cde2ae6f453345987ed99686ca0bf77a77932545.png,
cde2c4d6ae3953db6465fd8c746c9c9163d70964.png,
cdf71d7dc848378787ae6c3b5711429836fb1bfc.png,
ce3ecf923c7911b734ccaa489f5bec6c5307a6e2.png,
ce69e64d67c0d1a2d38d9c51c45cf328f913a3e2.png,
ce7034f531493a9bbb0372db9b1ad99ca7a4ab6a.png,
cee62c16ba00101ffb25bd31db152f3c730a1ca5.png,
cefa63957301051b3bec046737f2e2b63c384379.png,
cf250946cf8a5c9f86cb89c7ddb9ce885e7694ff.png,
cf36ba13a86d4c2b8cb27e0c29625cc8a8a79d61.png,
cf438194c3c5bc65e21310ed56977f6b207e07a4.png,
cf5b02911896881640f637544d90c6985941ca3e.png,
cf661b71ba4d53633dfaa0f1f86aee12baf75b5d.png,
cf89eaca261deaeb6db948bdc618e3b302753474.png,
cfcc79eb9d36385eb2eb830c098893ea248eae51.png,
cfe50645b538e8e19ef5dfd7285801d4cf624139.png,
cfe9018c48bdec8df44be54d86603de4b54d191a.png,
d00dc345a6c65cda19cce8529d9849e0a5cb3ace.png,
d0344bdb9e91007c06e72fc74b3b5b0fcf9e30f0.png,
d068171c39d4124d5c9a3dc239f821636b8ca5a6.png,
d07204858a6925fdda8b4f44b0fb65f1a8cc1a8a.png,
d073419b858f882df7b507a1be5cb810a301fedc.png,
d083a75fa7d25da42fc460712d9f723ea5f48bfa.png,
d0ab62b95c0e1ad134d4bebd4672ae0dfaaf04f1.png,
d0e3dd4bdfe3ba7e82838325bfc581d035ea2a82.png,
d130bc98ded98be05c386d26092fc328a48f1e9a.png,
d15bf0dde18a67b899f73c5377c18a4eb4b5bec3.png,
d1666363438cb9cd5d05cbc4a97258fdc71a33b6.png,
d166b0d939acfc9ddd1f2052407d58378a328d0b.png,
d179d9129e5712e1fd5201758cf8e59b34020e06.png,
d17da506ca5e3bf8b233c3762efb6d392f1562fb.png,
d17eff99c8891768fdffa196f7f65a681ff3d71c.png,
d1981bb2c0bdcec436b3a42ff35bb3d21e95ac2d.png,
d1b26b319cc89279eb0099ef18e4edfc6c48223c.png,
d1be8050bdd8f33579a938d565cc7d3574e00713.png,
d1ccbd8d9510da1ca5c9d1ad2c383ef36823ed9a.png,
d1ea7d620181929a8bd3055966af6f4ce1aad90e.png,
d1eeaea5fd84ef52acb8a18211e0932195ff6eb8.png,
d213764355714a91d65b3cc724f06ae7ff3ac918.png,
d237ff74da7aa603966eee6595fa43e4a251dd61.png,
d23f6b7a9f537ec3149b94e1b6815646c9bb03e3.png,
d251a34687f10d5ce8158da656bfcfcce1a93d8f.png,
d2581145b802e786a6d317218ded87ce037cc162.png,
d27358698b3797fcc7eb5b90dbaade50cd047cdf.png,
d28dc13ba1884a67a0a1111b56d1d9c757bf8612.png,
d31bd75632ca61c0f589594caf0b401aec73fd3b.png,
d39fec911f611da42bac26d0f08658f8b5b310b0.png,
d3dcf5fedeb9b812d55158e726e6c7d84b536596.png,
d3fd0105e5e5d0cde77a74f7d4f4c22891d5e1ac.png,
d406874e06fb331a77a20a28a33355657054e047.png,
d413074ffef38353b92ebf46eef1b4483958de2f.png,
d4387c786826a7bc2df7c1388d4af3afb42e453d.png,
d4573f4464aa408dfa03b2a95adb67eba63d5a0a.png,
d480d3352007b1e60b56a09c1b1136ac21e45d1f.png,
d493fa40673f49874ed87d532eeaf312b987088a.png,
d4b17623a8d4b6c6e520f87d576652e4fe6544fe.png,
d4b2ff3180083dc9708c1dd6ceb1781cdd36e11e.png,
d4b320e36b94b0840d6f4a336683b9958497be4a.png,
d4b77748a58fb303a8b3d03b1e27ba50ea64bd2e.png,
d4dc0a0192b38d9f6c1781b0217ecfa4f9b43f9c.png,
d50244a8214441dae9c4816c8a63369417fc73fc.png,
d505678b5c20ac08311911ce96f12d2fce387a83.png,
d511ea29f993081d9f2e7ac23f27a8a950f4181d.png,
d53f83e6d358f522388cdb1b863751bd7f7f7ce9.png,
d541d601b59251d46a510b68bbe0907419ce08ec.png,
d548aa84bd5ad1d86dd0c35a305f268de9ce321b.png,
d577e13d302b18a4c5d4ff97ef3e05c9684a133b.png,
d5be03dfe4261898975bd4a9360d580111c0944f.png,
d638abb92ca6e9cf13c917beb3ccf00993f6964b.png,
d63cba00dc3dd28b7adb6cedab43bec7497275e8.png,
d644ede67a0e8357c22c7380936312f374588037.png,
d652dbbeef91b06ce03cb23f896ec781744dfd96.png,
d662360562c5b68ee97a0f1551f0919974c307a5.png,
d667c4ecbbca9034ab2ca07c558376dacc5c254f.png,
d66de366f60aec4b55e2531cff3c93f7048cf4c8.png,
d691a963dcccf759ed65ccad1a7f0eaacd06a375.png,
d6921368e196d33311ca6d57d2390541f462bae7.png,
d6990b9790917feb33d8b14c1c35dc792d6bdf89.png,
d69f0501f62c05366a01f19caf6d6c505632a24d.png,
d69fffa42bdddcc126e61b33f813efcb07fb3a1f.png,
d6d3eb8eb94097f2d0fe6de760cc9b963a84a22c.png,
d6d696cb84a1cb372b4ef90a613b628c6a685ae2.png,
d6e5033a401bbcb3c2f78094ef63426ee8f46616.png,
d6ef8a8edb2f1e032fdc050e7641df1f76bf7a74.png,
d71374e2b836d79cd140304c77c8c4ff055cc4de.png,
d7260b58e3f4f5cc5a44e57fe498edeef0014f41.png,
d7460f7a4a185f09776b914b83679b7e0d674733.png,
d783d40b98798b5560ca75164e3f42efa697c887.png,
d798408696a4be56a816c25221cc39a4f0415f3b.png,
d79c0911c030532724700008dc9789443ec396e8.png,
d7a285cf1b893f1663bc0e4dc4c7eceb3c58554f.png,
d7b78574903406b4f622406444bc9937f15c5bfc.png,
d8143da24fe3eae87286a45f8058cc367e509585.png,
d82477e7c7edd88b3d6e8bd189d164f55172fca7.png,
d82f0d0c3b77be6c699df08d9d35e5172334c2f8.png,
d87cc8385f00e8a12407f59a60c5b2644933274f.png,
d89ca1eeef392dfaacba52cd9bb2f410e9913651.png,
d8c57db1d91bc1e2357d84a4a19aaa4eb1460e33.png,
d8d89a09da85c415742cbe547c2fe16375b9aaab.png,
d8f7c702b07bbb699738e4325431bfc73fd232da.png,
d93ce7c0baf9db65e4f6d0cc1b4f087c88b50895.png,
d9ecd6988211235a555517bcbda123daab45f59f.png,
d9f79c8340a4b6e5d18127f2b5ba5f6f22f6939f.png,
da3b51a21b584659b279e19d423cf7d66a5d6e11.png,
da48fe954098e4822d49dd389b6dc3bed705c1f0.png,
da4efed5327db0b5996fa12c25bbc2e9f32bce11.png,
da5e55868a95fea105025904116f58442ca94b05.png,
da86955a1dbd3666b2d40008a6337626cda0adf7.png,
daf38393c340ca43d7575062f1af56b6ca6ef9f1.png,
db08635342ec5dc882bc4c0ff6a68b3a6b603e44.png,
db2cf6d1180a88f3d823f8e980e241e09fc8497a.png,
db53c569e9581df3c43c6a8d61450158c86c0979.png,
db5d9dce63d937eb9b2ef1b078e0adeda824a81a.png,
db7a067ba68a4bdc1664835c7f2b3cae4f90cb76.png,
db88998544d102fce8b4ca27a05177a567ae74a0.png,
db8ca7fd1b27ca1d81abd3bdec74286db68e3a8d.png,
db9f3517e629d17cc4f6d70d2b4aa0df51568308.png,
dbc1f1b59969ce79fe682bef5a5c75ca588aa99e.png,
dbe2712c3949ee7f58781c4081dc3e0529e01a33.png,
dc30e17a0fff35d1ebc56f680f10b106ea27f639.png,
dc423a83f93288f4c3e8b187191960c861d59007.png,
dc54f424c02adcfea64cbca3c3f764f0b6b34785.png,
dc59e7f3f1a8e96cf28b2289878b64d8d3b47bca.png,
dc63c5609960a1d60b9a633c1104d448af797ec4.png,
dc64a66ecca81da7a83cbfa6bf1d839cc9f454ef.png,
dc9db911437d5ba599a3ef43bedb22ef0d0ec394.png,
dca25262528024b79d0c870fa6e0ace598f11bd5.png,
dca5dbab0609719bf119cc4d24bb03f4e8b68072.png,
dcc809fb6c1829ada2ef5e3b895f70b81d857e18.png,
dcd6685ef042ca762e6951aaed9d3b0abb7d9b81.png,
dd000375bd0c56e02a5c9ad39645888ebc42925d.png,
dd5a342b11a0169b2c51d35420875127701ebfbb.png,
dd7b8b51368fbb6dccbfdf74bf4ddea1c6686791.png,
dda467b3950acd6cb0cdf65829ca2aa29a411277.png,
ddbab92c547cee18aed9221300d07c5dba2d103b.png,
ddddd17fc7455d526a04d116fc47d4adccb0948e.png,
ddde2e3d30c21a72fa33ff4fc09f0e851cd54a59.png,
de21dda07576f1e5759e6d6a30be67cf31b0a25a.png,
de60cea1092710728719c4ad7cf067275063dbf5.png,
df391462e05a5687686a34afe032763e9977ffc9.png,
df459175096d1cbba9d122fe4275c22c379fb8f7.png,
df4ea47ca852cc2d9472ec39eab7f39ad5e82fc1.png,
dfc61f39816e81a5a7f8cc29f586e49f82f58342.png,
e0448a93e6881ec5234fcbc83127783d62966f6f.png,
e0658f1e74f302d0c1bbbac33d1ab622dcda8047.png,
e078678499b55d64d2499225b99755efdea7c479.png,
e0faf21cd2526227643c87612404e699ccfac9d4.png,
e10601dc48f5fce03c99993e622629fb38dcf2ab.png,
e14164593c45493f2df2bd387b14d01a73724680.png,
e144980af649ee44828a55a5745486ab18b3e2cc.png,
e14d4b33b0d4017d5bd200ff1029d6caf616d5b9.png,
e1612536a0d929b60908744befba4c72022b3fa1.png,
e18a3f7f55829de707fdef708c989633deca04ad.png,
e19eeefaa8c12b6d20b5ca7e6ad8be6f56ee635e.png,
e1d929b88586f512deef8409b7bd9a6b146bcac9.png,
e20e19048114d2cb8cf6cf235300f573f44648e6.png,
e23c5de083c2512702cc474e13ac38b063ddb1bb.png,
e2581e690261fa5e504b30028ecd57264357294d.png,
e27df3886773fb01dad00eb7047e412e6e5e1264.png,
e284f61b352b8406c0d656ba69ea155b8757cef7.png,
e2b1d2891d1dc248e592e62a47268ee14cf0f998.png,
e2bdb5b6cc9776e5e8309bea7f9775018dee0ce9.png,
e2c6c6105f95d5f60e6b897979ae7c1a101171c6.png,
e2e5222e2951a46047a47b7d4231ea5c9e52c8a1.png,
e3050db7114a19a9b8d9982c0bb7868d9660a99d.png,
e3102deb2779adb6194a2af70e521232c087c2e0.png,
e3103af3aa10c66f762dcf07a53e126fe94a9bf8.png,
e3330cfae41f7bc4aaab724d4f05fc006c309040.png,
e334d4dee0f8781cd6fe7fb22a24bc3688ec96a5.png,
e34d567ecff5b4f1de765a11848c8814a796d425.png,
e35853d8e99e37dc4edcb6d16723d4eeafac9e41.png,
e393ae115dbebe64418420690fb6ec438366f56d.png,
e39d2bcd9bab2aff4f68ddb670a440ae45e8ec52.png,
e3b9633113c63817ecb1c62bc32d6ff85a036478.png,
e3bed16068a25bbba94526395af8b0a36e2eb40c.png,
e3e45a2428b3b33c40042dceed942dec5922e508.png,
e3ef7c2afa08fab3b5249492a0fe02167d390514.png,
e41472fc84c7dd899515a07594d2ba6c3aac5a75.png,
e42343d34912f2fe0689174271ae19e3de73567b.png,
e44b3751ed4f99b531479e630f4a878ae785014e.png,
e4744bea7984647af5ad460a7eaa032ea341ea5a.png,
e4814792fd0531cada68752471030dbb297cb9a9.png,
e4934e01cc19dcfe2eadf055a3dc2f028592c225.png,
e4a72b4109769b56e16d1a3494077ffe5a24a27d.png,
e4d329c957480164636a7708c68c3e59ef5963e9.png,
e4f6bc4da5bc39f896d799e88f11ea1277a4940c.png,
e5062e0d0ec2998835ccdf616fb38d6e34f3608e.png,
e51b8dcc4d1da19668e7b33d3e82758ac72a6241.png,
e548a124354a14c1c1c7cf686d7011f1ebe1a546.png,
e54e67bccc6a6409125b50e7adb93c9e32f10b6e.png,
e5777da56f8981f5a8cc226def3f37273e53ae7d.png,
e60b431bc99ff86d976405951caf99a805ed8383.png,
e60b45210e53dcdf9e11d267d9de01b605c9dfbe.png,
e655b4932d14c546333d342348715c654f4294ba.png,
e6646e85afbf6f7a62f43009f9cdc83d3204ce0d.png,
e669ef5042bfe597aeabb22759398ee641a65315.png,
e67e66eb867c9ff82f8fc4f6dd3be5146b6c6a32.png,
e6968a8356c48759d94d08027236e586df7f879b.png,
e6ab045e4b5f7d23f4155cce4b41d60188f74b92.png,
e6d151cbc8a1b50befdbcd98c5175986f96b621d.png,
e6ddf78a3893bb9e66fd7aec7084d9cc8785e386.png,
e6f5618c51617da0a29b95c0defdd6d1e704498b.png,
e6f59b4ea8f3c22eab711556309fae0f558a834f.png,
e705438c2dc2c7455bdf6c36563079c571a9c87e.png,
e7227813237ebd722bfb565c3eac02a73c395097.png,
e7540447ad1a13be1140309e0f805b3d8fc02c76.png,
e757a56e0db77fa46b98eb2aa4d484e546cc0e04.png,
e7b0b1f19b1fbea37906bf3f1d4c09d333b79f95.png,
e7e5861f1dfd069294fcab9e1a6f827eacb2fe0d.png,
e8129245aa3e596e2680badcc508a617fd6bbb20.png,
e83eda354b1b5a1fc180406400c9905e3ccd771e.png,
e8501e64002cfe48cf657ff06badb954dfb66832.png,
e89020b404d8c9446525f47539f8ec020aa98aac.png,
e8b5582a830fd747b216f71cb13e75a74215bd36.png,
e8de8b9d2ef0cb5027f0e07f5c0c0bb72420220f.png,
e8f886f9410f845e1ae57d9a8883240dbe389af8.png,
e8fe882dc3bca87af730d8d88011e33c35ff357a.png,
e90707cddb59e81d55469305a28de31cdadf72aa.png,
e9180f5b69984926df43be08d29310e85415bc27.png,
e955edebf01f05129845520c0fa5feafbb9522b6.png,
e95c10a321a95503c1a73dface17a074f3c3c8c7.png,
e9832f22e74bc0e0ee820862d3b7c93f4427ac0d.png,
e9a092db192058d83b1002f8973d580a2f252576.png,
e9d52e3c160089c609c837b6fb27597cd7c77e5f.png,
e9dff116c81e4d47052151ec586cb0d95e526909.png,
ea08c871a37c81be942edc4c8f2315dbd019d9f0.png,
ea10538cfe14fcadde1f3a57e0dd77b4666f726c.png,
ea4176f20cc506ca3ce640152cfda0b9851c9ee0.png,
ea5b4e56189f0ab06e78c27614a211ba62b78b74.png,
ea7c6f1b03ab858a6ae4beb7601e03519afab07e.png,
eae24b0046a13b47325dcbd2e44519f40b1ec67c.png,
eaf109dd24bf5a4a263bd7e3d1a67db6feb57685.png,
eb0ccc143790147550bb96b4252521b20fdebcae.png,
eb460a1774228f8e0b09be3baed54e6025e890d4.png,
eb775b54ed47462746901c194e390894c2c22029.png,
eb7e212b87401a23db917a4032d425833aee268d.png,
eb88a016ed442cdd224f11572ee6ae36052a9f21.png,
ebd03fe3ea7b578d504f12bf05baa1f1c1f3dc4a.png,
ec1b8a815ee7e307ceeace5833aea9394b6e6f77.png,
ec2f2b3b5a592e585ca8c25802193bc78add788f.png,
ec59f8fa0531d82671a38b5841504b098fdf25b3.png,
ecc4f7eec918e68d33fa4ec13f6a25cff9f529e8.png,
ecdeb50568b8c7cb8cc7945f9294b5a1d5882572.png,
ecf1292d06395c38ddf1a7cd8ad2ff9d08284313.png,
ed0f8ddd59aab4d8fad8e251009e23ff2389a590.png,
ed3f7aa267a093869f685b35f09553946fd96439.png,
ed93853b6d645bdda32a59839614c11063946913.png,
ed9881925ff6ff2d3bc0e06f953ed15db4bb1013.png,
edc67e660c91ac17f6e11938ba2b84cf225214da.png,
edee661f6d2523ab6517170cb7be52a22658302a.png,
edf382fe0cfd8d892dea45c4c5b5b8833e9eb416.png,
edfb410c6733b5f1450c3b3d9c5ec5c93d059eaa.png,
ee4887dcded0f6d1808e099e086773797213e5f6.png,
ee68504c44383719791892054261bed3731e81fe.png,
eea96767a291013b4324dea70bee0f4dc3f0bbf2.png,
eec39c59634c2a75dc40475a57c399a5f0f3da57.png,
eed71e4e8d9ddd96a30f681d1c53bc43bb342cba.png,
eedcb33ef56066946d87662aecb5f1f002e34bd4.png,
eee22952711b3738a897ebded52c56e7b4d9f821.png,
ef5f953d471c6e122bca261ef0a97992214e99a5.png,
ef79a68d9126a2b37a26be2a21861b70eb81229d.png,
ef8307655ad2a19a37b7ba8c3ff8990f4fbf1436.png,
efca1b72d8903bcdde78694310ec346c9726ae7a.png,
f05c22f67d06d8f3470d3497622ad55f5db77dda.png,
f0a18c318c0df888c49cd986260ba34f5c531df2.png,
f0e472198ef9b13ee6af3ec591ae4f338e06b5c6.png,
f179f6011f0fc79bf7a5a99c30a9495042e716b6.png,
f188a44624fe609da7d6d9e2ad1c752dd548f3c6.png,
f1a4d608b73b399453f46cd74e2cc79a9054e6bd.png,
f1ab43d3b9568244b3dd8fb6f5aab876b18c6231.png,
f1b0112b288b39cc00e34c1ebdbdf81048baebb9.png,
f1d053c6afbfb28d149c7d94e3ecd75c4ff189fa.png,
f1e5fb515c00feb6eb87e587231ad41202fd2cca.png,
f232b8e48d19dd4b4ed841f8c76bc6092169a557.png,
f23bf621c0241a1a1852f43b99f622dbd34d0c54.png,
f23dfce2cd224af77784aa2b6e4117405abb7f5d.png,
f26bdc18c613b21e0cf0d51492f65818f8d632be.png,
f27e7ed4e73bb056d78870b7942dce079ea5c457.png,
f281af422ec6b69c56a1f25813713209aba33a7d.png,
f296a9053b27282f2ea55931370a0ffd2218e4ee.png,
f2ac34052e42c5daf777b536b0d81f2feade8217.png,
f2b6cf03ec51e3ae9cfaca781a97d51a4bf95715.png,
f2c7bfb2ed1dde94cebd857976ec40cd9b1facbf.png,
f2ee8f8658ae9f9b050d1d7e593973a844fdb9df.png,
f31f1a65b60faefc11a98594d7d48c60bf0b84dc.png,
f326f42a659d4f351e8ea5de028232b730807e29.png,
f3271d808b46fe453fa5c1300b3fd01b5e51beb3.png,
f343b0a47c73879cc5471ec3dad9f2ea6817f24e.png,
f356852060c1881a8a7532d28828a854150482ce.png,
f38b4f9eab6f6c55ce13341c04d691a84a55d4fb.png,
f4273e950ee9c5c7baa8247bda86045410b80293.png,
f434b564a6887df25e0ec883450fa866cebf3108.png,
f467517780960f09f146c06823927e4ff2aaf057.png,
f490c44d78ef58ca2142cda18b2dd533be63a87d.png,
f4a746ce7a9be21238189bfbb4bde0d3ea40e2b7.png,
f4b4fe55993c4e73ffda3883bdf919f72043701d.png,
f4f79aea71461a8521058cd4954b1378c94f1c70.png,
f51948b2f81a54788cd951cb432e6528c3f4b1a8.png,
f548efb3383fb7ddf3ca2bde2f93483a4cc4c0ff.png,
f5cc1d336e0745cfc26bf9c5c53cc3b0361db2ae.png,
f5f7d108714cf3f09663ba189dfbb55ffa0d8e42.png,
f60730d5bbc6acfef2d6112cae8b054779e1467b.png,
f6201901e8d1692b5a32a51be20e843b8a553267.png,
f665e1c3d12872845bc71d7842a4ed95ced307f7.png,
f6663c8a1582dbff3ecb36973843c9137eb990aa.png,
f66e3ef696e736db17c0ba34fa416de9bc1dc599.png,
f6802b6715c1072df77653fed1457c217a00549d.png,
f6bc9cf9024d09e6096cac1b05ab7e4e48ad7771.png,
f6e26bd55c5811c6b2ee6ebdad78fe4df64271fc.png,
f6e2a2ad44c03200db3d2a3edc3e25f97de67b52.png,
f73c0c356b6add63643e32c6ce0ea27d8bbfdc7c.png,
f74ec97df43165e509d0dd3c24ad9868d62ce6e5.png,
f7777330d31a6adf2512a1e4bd73858da8bab026.png,
f77a4fbafacbbea65a472c13910526ae9e00389f.png,
f78a9427e9ec7b3fec3793fc141f0fb4e3b222c8.png,
f7b5d5db03515d2e307db7d600b52a07204f129b.png,
f7c124126cb830b9b303408eeed57891c3dea797.png,
f7d4c28d2e9bc6995a9310a1d647b765e60d8118.png,
f7e5913d6ab87073021dd62e6579d26b821072b0.png,
f7f0d2f3c40527399579ba8300a3d9acd352a7a6.png,
f812d3c5c7a237f56cff44ac73453a6d85c0cbac.png,
f827b7541634038ba445b0e9354e6f7687f081b9.png,
f828d76c2206d1e5773479807c83ed0eddab02df.png,
f82da9afa5d86ac085a246064ad861131101b3b7.png,
f83d1beacc3eb5b74b7625f6c4581207995ff83c.png,
f863ebf0aec43dd66cc5f6a45baa5205dcaf22b0.png,
f879bdeab2c7c3fa01ab01390b8adcf36e6dcb88.png,
f8a80957d7a31106d15d8e8f722ccb2bfa0e9e68.png,
f8a92b543b342bbd934edaa7c7d612a6792c0a31.png,
f8a9ebfcbfb66c092f9348fba2dcc073a62fc21f.png,
f8eea6742b84e6d657b016e99362f3527a66aaa1.png,
f8f2bf1e930bfb95efd45fc97bd5c2c26ac5b447.png,
f94ae4ff734047e9b5563b1d27558ac48056acdf.png,
f959680c2e87964981d1e4c6232125dbc5732a6d.png,
f9bd54c9be4d8f8775d3239be7f119b89091a746.png,
f9c33478aadeb4b3d3e3c23c6c4da8abc8380f62.png,
fa5fbb85042ba82cafb35fc60a5fbb43f2dff71e.png,
faa144b3769f18931e9b0c13f4a04a01175483b5.png,
faa4f6183d3d8e7c8f291c0bf76c07245a394d82.png,
fb05b6c88bc8e172d8e44dc570007487e031304e.png,
fb3eb9db5c4016c72179e593615ddeb82d331176.png,
fb4c46454d1c57d9af5a0be1e9d8b523423a24aa.png,
fb82bd4391a4929e5445c81dba544a16c1157d80.png,
fb92ae6f8bf8e7678ec1b928c4ec0db56bdadde1.png,
fbb919c9cec7fb422c3d08cf528493a8884ad15e.png,
fbd0be9b802d1d39587f58404a7f887a7f565164.png,
fc1eb6e4f6d4cb55a12376b0239592e0c4824a76.png,
fc3063010b01943d902b28baeb756bd0288a773c.png,
fc84d81593f7473c77d82ae2ad1377b8b09b88a4.png,
fc971e21ec611a9a9560139405c36879ae69c739.png,
fca2eb8ed320440252e5a91d12d316267187bee5.png,
fcabbc700f3c34a04dbfcee895bed67b7fb0a039.png,
fcbc462c209b9ffb8ad58b0f83aa0c58a27ea370.png,
fcd54b2fb8e384f37dbf1d6c973252aef8cb9750.png,
fce137be8e3b8dc1a7cf631136d36847976eef2a.png,
fce3c77cccc6e23a3b0df5c26b38698b539d8051.png,
fcef73e8e8b93fe24adce36178ed868b1d0d0ac4.png,
fcff219b7c5a4d5bdd8badf9f6d40099db5670f2.png,
fd4158de928078af1471ffd846fa1f51ad3dc058.png,
fd66623bb21d6fad3b522b16aca523c8d0f0a932.png,
fd8a7f538fa8c8bc299c38a91a7d9622514090f3.png,
fd9699a618ccda626d4c33190b349d34e65640fe.png,
fdea59583dc2a473eb905f587824c5558d2449c4.png,
fdfaaa355b98a12b80538ab417a120aef97a5f36.png,
fe21c3c6562bf7079596ce55a48712813973bc20.png,
fe656482d0c913f9aed87fae5f45f11cd92b12ea.png,
fe74fb1ebb7565947bd20c052669845c7781d3e8.png,
fe792d7028d031d7a5840297fc99dca6e519db17.png,
fe946f0f312cd53f0b810077631020bebdc460a5.png,
fe9bcfec8933aa99a7ba873fd547202b51b0b920.png,
feea73d17edd8fd9a1e079b8e714b920bd1cbb0d.png,
ff0130f7949ceea2633c184a043f7bef28e12fec.png,
ff13831a56ca010ed5948cdbcd93c7c8cd58649a.png,
ff1c61589cb0f5264cacc92cf41a8e48c31bc8b9.png,
ff228d0591fc9b47a735608cd97feadb85407430.png,
ff4676eccabe49acfaba9b0664a89f2323374c2d.png,
ff4bb8f60ae8f7515f69929d84feaddfb89bc615.png,
ff7beddbda7ab5621ef3870408986af8d1ee8afd.png,
ff9a3c0bf54d124823a3a5956b05748495159f06.png,
ffa13d042fc8a2cc75d41b0bf892954b1a3715cb.png,
ffade01127497653e74bc921e778081a5acd5777.png,
ffd7fdd690f6ee0b8c93dfba33647bc2e866b0ed.png,
